2025-05-06 08:56:08.662+0000 INFO  Logging config in use: File '/var/lib/neo4j/conf/user-logs.xml'
2025-05-06 08:56:08.677+0000 INFO  Starting...
2025-05-06 08:56:09.551+0000 INFO  This instance is ServerId{ec443550} (ec443550-4a68-4cc6-b235-189e9ae8abde)
2025-05-06 08:56:10.502+0000 INFO  ======== Neo4j 5.26.5 ========
2025-05-06 08:56:31.418+0000 INFO  Anonymous Usage Data is being sent to Neo4j, see https://neo4j.com/docs/usage-data/
2025-05-06 08:56:31.459+0000 INFO  Bolt enabled on 0.0.0.0:7687.
2025-05-06 08:56:32.126+0000 INFO  HTTP enabled on 0.0.0.0:7474.
2025-05-06 08:56:32.127+0000 INFO  Remote interface available at http://localhost:7474/
2025-05-06 08:56:32.132+0000 INFO  id: 9F87E89A496C640F4BCF6814CC29A2C4896FB0FE292BAC74F89E9EE0B858FC67
2025-05-06 08:56:32.133+0000 INFO  name: system
2025-05-06 08:56:32.134+0000 INFO  creationDate: 2025-05-06T08:56:11.852Z
2025-05-06 08:56:32.134+0000 INFO  Started.
2025-05-06 09:10:24.007+0000 INFO  Neo4j Server shutdown initiated by request
2025-05-06 09:10:24.010+0000 INFO  Stopping...
2025-05-06 09:10:30.081+0000 INFO  Stopped.
2025-05-06 09:11:23.314+0000 INFO  Logging config in use: File '/var/lib/neo4j/conf/user-logs.xml'
2025-05-06 09:11:23.361+0000 INFO  Starting...
2025-05-06 09:11:25.559+0000 INFO  This instance is ServerId{ec443550} (ec443550-4a68-4cc6-b235-189e9ae8abde)
2025-05-06 09:11:29.519+0000 INFO  ======== Neo4j 5.26.5 ========
2025-05-06 09:11:35.637+0000 INFO  Anonymous Usage Data is being sent to Neo4j, see https://neo4j.com/docs/usage-data/
2025-05-06 09:11:35.726+0000 INFO  Bolt enabled on 0.0.0.0:7687.
2025-05-06 09:11:38.176+0000 INFO  HTTP enabled on 0.0.0.0:7474.
2025-05-06 09:11:38.178+0000 INFO  Remote interface available at http://localhost:7474/
2025-05-06 09:11:38.187+0000 INFO  id: 9F87E89A496C640F4BCF6814CC29A2C4896FB0FE292BAC74F89E9EE0B858FC67
2025-05-06 09:11:38.190+0000 INFO  name: system
2025-05-06 09:11:38.192+0000 INFO  creationDate: 2025-05-06T08:56:11.852Z
2025-05-06 09:11:38.194+0000 INFO  Started.
2025-05-06 13:58:52.797+0000 INFO  Neo4j Server shutdown initiated by request
2025-05-06 13:58:52.820+0000 INFO  Stopping...
2025-05-06 13:59:01.062+0000 INFO  Stopped.
2025-05-06 14:02:17.435+0000 INFO  Logging config in use: File '/var/lib/neo4j/conf/user-logs.xml'
2025-05-06 14:02:17.465+0000 INFO  Starting...
2025-05-06 14:02:19.086+0000 INFO  This instance is ServerId{ec443550} (ec443550-4a68-4cc6-b235-189e9ae8abde)
2025-05-06 14:02:21.042+0000 INFO  ======== Neo4j 5.26.5 ========
2025-05-06 14:02:27.158+0000 INFO  Anonymous Usage Data is being sent to Neo4j, see https://neo4j.com/docs/usage-data/
2025-05-06 14:02:27.250+0000 INFO  Bolt enabled on 0.0.0.0:7687.
2025-05-06 14:02:28.448+0000 INFO  HTTP enabled on 0.0.0.0:7474.
2025-05-06 14:02:28.450+0000 INFO  Remote interface available at http://localhost:7474/
2025-05-06 14:02:28.456+0000 INFO  id: 9F87E89A496C640F4BCF6814CC29A2C4896FB0FE292BAC74F89E9EE0B858FC67
2025-05-06 14:02:28.457+0000 INFO  name: system
2025-05-06 14:02:28.459+0000 INFO  creationDate: 2025-05-06T08:56:11.852Z
2025-05-06 14:02:28.460+0000 INFO  Started.
2025-05-06 14:03:11.902+0000 WARN  [bolt-8] The client is unauthorized due to authentication failure.
2025-05-06 14:03:11.987+0000 WARN  [bolt-9] The client is unauthorized due to authentication failure.
2025-05-06 14:03:12.028+0000 WARN  [bolt-10] The client is unauthorized due to authentication failure.
2025-05-06 16:02:32.038+0000 INFO  Neo4j Server shutdown initiated by request
2025-05-06 16:02:32.066+0000 INFO  Stopping...
2025-05-06 16:02:39.621+0000 INFO  Stopped.
2025-05-13 14:51:10.281+0000 INFO  Logging config in use: File '/var/lib/neo4j/conf/user-logs.xml'
2025-05-13 14:51:10.621+0000 INFO  Starting...
2025-05-13 14:51:23.266+0000 INFO  This instance is ServerId{ec443550} (ec443550-4a68-4cc6-b235-189e9ae8abde)
2025-05-13 14:51:32.736+0000 INFO  ======== Neo4j 5.26.5 ========
2025-05-13 14:51:56.986+0000 INFO  Anonymous Usage Data is being sent to Neo4j, see https://neo4j.com/docs/usage-data/
2025-05-13 14:51:57.265+0000 INFO  Bolt enabled on 0.0.0.0:7687.
2025-05-13 14:52:01.000+0000 INFO  HTTP enabled on 0.0.0.0:7474.
2025-05-13 14:52:01.008+0000 INFO  Remote interface available at http://localhost:7474/
2025-05-13 14:52:01.027+0000 INFO  id: 9F87E89A496C640F4BCF6814CC29A2C4896FB0FE292BAC74F89E9EE0B858FC67
2025-05-13 14:52:01.029+0000 INFO  name: system
2025-05-13 14:52:01.031+0000 INFO  creationDate: 2025-05-06T08:56:11.852Z
2025-05-13 14:52:01.033+0000 INFO  Started.
2025-05-13 15:29:21.053+0000 INFO  Neo4j Server shutdown initiated by request
2025-05-13 15:29:21.060+0000 INFO  Stopping...
2025-05-14 09:17:27.901+0000 INFO  Logging config in use: File '/var/lib/neo4j/conf/user-logs.xml'
2025-05-14 09:17:27.966+0000 INFO  Starting...
2025-05-14 09:17:31.571+0000 INFO  This instance is ServerId{ec443550} (ec443550-4a68-4cc6-b235-189e9ae8abde)
2025-05-14 09:17:36.019+0000 INFO  ======== Neo4j 5.26.5 ========
2025-05-14 09:17:45.882+0000 INFO  Anonymous Usage Data is being sent to Neo4j, see https://neo4j.com/docs/usage-data/
2025-05-14 09:17:46.005+0000 INFO  Bolt enabled on 0.0.0.0:7687.
2025-05-14 09:17:48.634+0000 INFO  HTTP enabled on 0.0.0.0:7474.
2025-05-14 09:17:48.654+0000 INFO  Remote interface available at http://localhost:7474/
2025-05-14 09:17:48.670+0000 INFO  id: 9F87E89A496C640F4BCF6814CC29A2C4896FB0FE292BAC74F89E9EE0B858FC67
2025-05-14 09:17:48.672+0000 INFO  name: system
2025-05-14 09:17:48.673+0000 INFO  creationDate: 2025-05-06T08:56:11.852Z
2025-05-14 09:17:48.675+0000 INFO  Started.
2025-05-14 09:59:14.296+0000 INFO  Logging config in use: File '/var/lib/neo4j/conf/user-logs.xml'
2025-05-14 09:59:14.522+0000 INFO  Starting...
2025-05-14 09:59:17.434+0000 INFO  This instance is ServerId{ec443550} (ec443550-4a68-4cc6-b235-189e9ae8abde)
2025-05-14 09:59:25.153+0000 INFO  ======== Neo4j 5.26.6 ========
2025-05-14 10:00:10.959+0000 INFO  Anonymous Usage Data is being sent to Neo4j, see https://neo4j.com/docs/usage-data/
2025-05-14 10:00:11.618+0000 INFO  Bolt enabled on 0.0.0.0:7687.
2025-05-14 10:00:24.358+0000 INFO  HTTP enabled on 0.0.0.0:7474.
2025-05-14 10:00:24.363+0000 INFO  Remote interface available at http://localhost:7474/
2025-05-14 10:00:24.451+0000 INFO  id: 9F87E89A496C640F4BCF6814CC29A2C4896FB0FE292BAC74F89E9EE0B858FC67
2025-05-14 10:00:24.476+0000 INFO  name: system
2025-05-14 10:00:24.505+0000 INFO  creationDate: 2025-05-06T08:56:11.852Z
2025-05-14 10:00:24.517+0000 INFO  Started.
2025-05-14 10:26:46.486+0000 INFO  Neo4j Server shutdown initiated by request
2025-05-14 10:26:46.576+0000 INFO  Stopping...
2025-05-17 13:19:45.086+0000 INFO  Logging config in use: File '/var/lib/neo4j/conf/user-logs.xml'
2025-05-17 13:19:45.403+0000 INFO  Starting...
2025-05-17 13:19:55.866+0000 INFO  This instance is ServerId{ec443550} (ec443550-4a68-4cc6-b235-189e9ae8abde)
2025-05-17 13:20:06.536+0000 INFO  ======== Neo4j 5.26.6 ========
2025-05-17 13:20:49.749+0000 INFO  Anonymous Usage Data is being sent to Neo4j, see https://neo4j.com/docs/usage-data/
2025-05-17 13:20:50.080+0000 INFO  Bolt enabled on 0.0.0.0:7687.
2025-05-17 13:20:55.459+0000 INFO  HTTP enabled on 0.0.0.0:7474.
2025-05-17 13:20:55.462+0000 INFO  Remote interface available at http://localhost:7474/
2025-05-17 13:20:55.471+0000 INFO  id: 9F87E89A496C640F4BCF6814CC29A2C4896FB0FE292BAC74F89E9EE0B858FC67
2025-05-17 13:20:55.473+0000 INFO  name: system
2025-05-17 13:20:55.475+0000 INFO  creationDate: 2025-05-06T08:56:11.852Z
2025-05-17 13:20:55.479+0000 INFO  Started.
2025-05-17 14:51:13.279+0000 INFO  Neo4j Server shutdown initiated by request
2025-05-17 14:51:13.308+0000 INFO  Stopping...
2025-05-20 17:39:17.701+0000 INFO  Logging config in use: File '/var/lib/neo4j/conf/user-logs.xml'
2025-05-20 17:39:17.728+0000 INFO  Starting...
2025-05-20 17:39:18.722+0000 INFO  This instance is ServerId{ec443550} (ec443550-4a68-4cc6-b235-189e9ae8abde)
2025-05-20 17:39:19.947+0000 INFO  ======== Neo4j 5.26.6 ========
2025-05-20 17:39:39.919+0000 INFO  Anonymous Usage Data is being sent to Neo4j, see https://neo4j.com/docs/usage-data/
2025-05-20 17:39:40.568+0000 INFO  Bolt enabled on 0.0.0.0:7687.
2025-05-20 17:39:47.748+0000 INFO  HTTP enabled on 0.0.0.0:7474.
2025-05-20 17:39:47.750+0000 INFO  Remote interface available at http://localhost:7474/
2025-05-20 17:39:47.755+0000 INFO  id: 9F87E89A496C640F4BCF6814CC29A2C4896FB0FE292BAC74F89E9EE0B858FC67
2025-05-20 17:39:47.757+0000 INFO  name: system
2025-05-20 17:39:47.758+0000 INFO  creationDate: 2025-05-06T08:56:11.852Z
2025-05-20 17:39:47.759+0000 INFO  Started.
2025-05-20 18:05:12.999+0000 WARN  [bolt-0] The client is unauthorized due to authentication failure.
2025-05-20 18:41:08.525+0000 ERROR Client triggered an unexpected error [Neo.DatabaseError.Transaction.TransactionStartFailed]: A query with 'CALL { ... } IN TRANSACTIONS' can only be executed in an implicit transaction, but tried to execute in an explicit transaction., reference 84bc7486-4716-4ffe-92eb-ac730a8214f4.
2025-05-20 20:11:05.870+0000 INFO  Neo4j Server shutdown initiated by request
2025-05-20 20:11:05.874+0000 INFO  Stopping...
2025-05-20 20:11:11.779+0000 INFO  Stopped.
2025-05-27 09:51:11.237+0000 INFO  Logging config in use: File '/var/lib/neo4j/conf/user-logs.xml'
2025-05-27 09:51:11.303+0000 INFO  Starting...
2025-05-27 09:51:12.565+0000 INFO  This instance is ServerId{ec443550} (ec443550-4a68-4cc6-b235-189e9ae8abde)
2025-05-27 09:51:13.791+0000 INFO  ======== Neo4j 5.26.6 ========
2025-05-27 09:51:23.593+0000 INFO  Anonymous Usage Data is being sent to Neo4j, see https://neo4j.com/docs/usage-data/
2025-05-27 09:51:23.692+0000 INFO  Bolt enabled on 0.0.0.0:7687.
2025-05-27 09:51:37.232+0000 INFO  HTTP enabled on 0.0.0.0:7474.
2025-05-27 09:51:37.233+0000 INFO  Remote interface available at http://localhost:7474/
2025-05-27 09:51:37.237+0000 INFO  id: 9F87E89A496C640F4BCF6814CC29A2C4896FB0FE292BAC74F89E9EE0B858FC67
2025-05-27 09:51:37.238+0000 INFO  name: system
2025-05-27 09:51:37.239+0000 INFO  creationDate: 2025-05-06T08:56:11.852Z
2025-05-27 09:51:37.240+0000 INFO  Started.
2025-05-27 09:52:03.333+0000 WARN  [bolt-8] The client is unauthorized due to authentication failure.
2025-05-27 09:52:03.360+0000 WARN  [bolt-9] The client is unauthorized due to authentication failure.
2025-05-27 09:52:03.382+0000 WARN  [bolt-10] The client is unauthorized due to authentication failure.
2025-05-27 13:18:23.313+0000 INFO  Neo4j Server shutdown initiated by request
2025-05-27 13:18:23.331+0000 INFO  Stopping...
2025-05-27 13:18:29.453+0000 INFO  Stopped.
2025-06-05 07:47:41.928+0000 INFO  Logging config in use: File '/var/lib/neo4j/conf/user-logs.xml'
2025-06-05 07:47:41.962+0000 INFO  Starting...
2025-06-05 07:47:43.384+0000 INFO  This instance is ServerId{ec443550} (ec443550-4a68-4cc6-b235-189e9ae8abde)
2025-06-05 07:47:44.925+0000 INFO  ======== Neo4j 5.26.6 ========
2025-06-05 07:48:14.899+0000 INFO  Anonymous Usage Data is being sent to Neo4j, see https://neo4j.com/docs/usage-data/
2025-06-05 07:48:15.960+0000 INFO  Bolt enabled on 0.0.0.0:7687.
2025-06-05 07:48:23.848+0000 INFO  HTTP enabled on 0.0.0.0:7474.
2025-06-05 07:48:23.851+0000 INFO  Remote interface available at http://localhost:7474/
2025-06-05 07:48:23.854+0000 INFO  id: 9F87E89A496C640F4BCF6814CC29A2C4896FB0FE292BAC74F89E9EE0B858FC67
2025-06-05 07:48:23.855+0000 INFO  name: system
2025-06-05 07:48:23.855+0000 INFO  creationDate: 2025-05-06T08:56:11.852Z
2025-06-05 07:48:23.856+0000 INFO  Started.
2025-06-05 10:15:00.087+0000 INFO  Neo4j Server shutdown initiated by request
2025-06-05 10:15:00.097+0000 INFO  Stopping...
2025-06-05 10:15:07.674+0000 INFO  Stopped.
2025-06-05 12:06:36.223+0000 INFO  Logging config in use: File '/var/lib/neo4j/conf/user-logs.xml'
2025-06-05 12:06:37.236+0000 INFO  Starting...
2025-06-05 12:06:43.609+0000 INFO  This instance is ServerId{ec443550} (ec443550-4a68-4cc6-b235-189e9ae8abde)
2025-06-05 12:06:45.940+0000 INFO  ======== Neo4j 5.26.6 ========
2025-06-05 12:07:08.735+0000 INFO  Anonymous Usage Data is being sent to Neo4j, see https://neo4j.com/docs/usage-data/
2025-06-05 12:07:09.019+0000 INFO  Bolt enabled on 0.0.0.0:7687.
2025-06-05 12:07:16.700+0000 INFO  HTTP enabled on 0.0.0.0:7474.
2025-06-05 12:07:16.708+0000 INFO  Remote interface available at http://localhost:7474/
2025-06-05 12:07:16.724+0000 INFO  id: 9F87E89A496C640F4BCF6814CC29A2C4896FB0FE292BAC74F89E9EE0B858FC67
2025-06-05 12:07:16.751+0000 INFO  name: system
2025-06-05 12:07:16.771+0000 INFO  creationDate: 2025-05-06T08:56:11.852Z
2025-06-05 12:07:16.790+0000 INFO  Started.
2025-06-05 15:32:03.826+0000 INFO  Neo4j Server shutdown initiated by request
2025-06-05 15:32:03.830+0000 INFO  Stopping...
2025-06-05 15:32:10.405+0000 INFO  Stopped.
2025-06-09 09:09:51.975+0000 INFO  Logging config in use: File '/var/lib/neo4j/conf/user-logs.xml'
2025-06-09 09:09:52.275+0000 INFO  Starting...
2025-06-09 09:09:56.755+0000 INFO  This instance is ServerId{ec443550} (ec443550-4a68-4cc6-b235-189e9ae8abde)
2025-06-09 09:10:02.481+0000 INFO  ======== Neo4j 5.26.6 ========
2025-06-09 09:10:19.336+0000 INFO  Anonymous Usage Data is being sent to Neo4j, see https://neo4j.com/docs/usage-data/
2025-06-09 09:10:19.481+0000 INFO  Bolt enabled on 0.0.0.0:7687.
2025-06-09 09:10:22.044+0000 INFO  HTTP enabled on 0.0.0.0:7474.
2025-06-09 09:10:22.050+0000 INFO  Remote interface available at http://localhost:7474/
2025-06-09 09:10:22.060+0000 INFO  id: 9F87E89A496C640F4BCF6814CC29A2C4896FB0FE292BAC74F89E9EE0B858FC67
2025-06-09 09:10:22.061+0000 INFO  name: system
2025-06-09 09:10:22.063+0000 INFO  creationDate: 2025-05-06T08:56:11.852Z
2025-06-09 09:10:22.064+0000 INFO  Started.
2025-06-09 17:11:18.107+0000 INFO  Neo4j Server shutdown initiated by request
2025-06-09 17:11:18.119+0000 INFO  Stopping...
2025-06-09 17:11:26.679+0000 INFO  Stopped.
2025-06-10 08:07:33.307+0000 INFO  Logging config in use: File '/var/lib/neo4j/conf/user-logs.xml'
2025-06-10 08:07:33.353+0000 INFO  Starting...
2025-06-10 08:07:37.627+0000 INFO  This instance is ServerId{ec443550} (ec443550-4a68-4cc6-b235-189e9ae8abde)
2025-06-10 08:07:43.001+0000 INFO  ======== Neo4j 5.26.6 ========
2025-06-10 08:07:57.699+0000 INFO  Anonymous Usage Data is being sent to Neo4j, see https://neo4j.com/docs/usage-data/
2025-06-10 08:07:57.783+0000 INFO  Bolt enabled on 0.0.0.0:7687.
2025-06-10 08:08:04.373+0000 INFO  HTTP enabled on 0.0.0.0:7474.
2025-06-10 08:08:04.375+0000 INFO  Remote interface available at http://localhost:7474/
2025-06-10 08:08:04.378+0000 INFO  id: 9F87E89A496C640F4BCF6814CC29A2C4896FB0FE292BAC74F89E9EE0B858FC67
2025-06-10 08:08:04.379+0000 INFO  name: system
2025-06-10 08:08:04.380+0000 INFO  creationDate: 2025-05-06T08:56:11.852Z
2025-06-10 08:08:04.380+0000 INFO  Started.
2025-06-10 09:45:45.200+0000 INFO  Neo4j Server shutdown initiated by request
2025-06-10 09:45:45.203+0000 INFO  Stopping...
2025-06-10 09:45:51.162+0000 INFO  Stopped.
2025-06-11 08:29:51.279+0000 INFO  Logging config in use: File '/var/lib/neo4j/conf/user-logs.xml'
2025-06-11 08:29:51.301+0000 INFO  Starting...
2025-06-11 08:30:08.466+0000 INFO  This instance is ServerId{ec443550} (ec443550-4a68-4cc6-b235-189e9ae8abde)
2025-06-11 08:30:09.645+0000 INFO  ======== Neo4j 5.26.6 ========
2025-06-11 08:30:12.230+0000 INFO  Anonymous Usage Data is being sent to Neo4j, see https://neo4j.com/docs/usage-data/
2025-06-11 08:30:12.275+0000 INFO  Bolt enabled on 0.0.0.0:7687.
2025-06-11 08:30:13.014+0000 INFO  HTTP enabled on 0.0.0.0:7474.
2025-06-11 08:30:13.015+0000 INFO  Remote interface available at http://localhost:7474/
2025-06-11 08:30:13.020+0000 INFO  id: 9F87E89A496C640F4BCF6814CC29A2C4896FB0FE292BAC74F89E9EE0B858FC67
2025-06-11 08:30:13.021+0000 INFO  name: system
2025-06-11 08:30:13.022+0000 INFO  creationDate: 2025-05-06T08:56:11.852Z
2025-06-11 08:30:13.022+0000 INFO  Started.
2025-06-11 08:52:21.458+0000 INFO  Neo4j Server shutdown initiated by request
2025-06-11 08:52:21.461+0000 INFO  Stopping...
2025-06-11 08:52:27.219+0000 INFO  Stopped.
2025-06-17 10:49:38.171+0000 INFO  Logging config in use: File '/var/lib/neo4j/conf/user-logs.xml'
2025-06-17 10:49:38.195+0000 INFO  Starting...
2025-06-17 10:49:39.427+0000 INFO  This instance is ServerId{ec443550} (ec443550-4a68-4cc6-b235-189e9ae8abde)
2025-06-17 10:49:40.993+0000 INFO  ======== Neo4j 5.26.8 ========
2025-06-17 10:49:57.675+0000 INFO  Anonymous Usage Data is being sent to Neo4j, see https://neo4j.com/docs/usage-data/
2025-06-17 10:49:57.728+0000 INFO  Bolt enabled on 0.0.0.0:7687.
2025-06-17 10:49:58.508+0000 INFO  HTTP enabled on 0.0.0.0:7474.
2025-06-17 10:49:58.510+0000 INFO  Remote interface available at http://localhost:7474/
2025-06-17 10:49:58.514+0000 INFO  id: 9F87E89A496C640F4BCF6814CC29A2C4896FB0FE292BAC74F89E9EE0B858FC67
2025-06-17 10:49:58.515+0000 INFO  name: system
2025-06-17 10:49:58.515+0000 INFO  creationDate: 2025-05-06T08:56:11.852Z
2025-06-17 10:49:58.516+0000 INFO  Started.
2025-06-17 15:09:11.717+0000 INFO  Neo4j Server shutdown initiated by request
2025-06-17 15:09:11.722+0000 INFO  Stopping...
2025-06-17 15:09:17.632+0000 INFO  Stopped.
2025-06-18 14:37:57.128+0000 INFO  Logging config in use: File '/var/lib/neo4j/conf/user-logs.xml'
2025-06-18 14:37:57.175+0000 INFO  Starting...
2025-06-18 14:37:59.477+0000 INFO  This instance is ServerId{ec443550} (ec443550-4a68-4cc6-b235-189e9ae8abde)
2025-06-18 14:38:01.815+0000 INFO  ======== Neo4j 5.26.8 ========
2025-06-18 14:38:07.755+0000 INFO  Anonymous Usage Data is being sent to Neo4j, see https://neo4j.com/docs/usage-data/
2025-06-18 14:38:07.883+0000 INFO  Bolt enabled on 0.0.0.0:7687.
2025-06-18 14:38:09.883+0000 INFO  HTTP enabled on 0.0.0.0:7474.
2025-06-18 14:38:09.885+0000 INFO  Remote interface available at http://localhost:7474/
2025-06-18 14:38:09.889+0000 INFO  id: 9F87E89A496C640F4BCF6814CC29A2C4896FB0FE292BAC74F89E9EE0B858FC67
2025-06-18 14:38:09.891+0000 INFO  name: system
2025-06-18 14:38:09.892+0000 INFO  creationDate: 2025-05-06T08:56:11.852Z
2025-06-18 14:38:09.893+0000 INFO  Started.
2025-06-18 14:54:42.311+0000 INFO  Neo4j Server shutdown initiated by request
2025-06-18 14:54:42.314+0000 INFO  Stopping...
2025-06-19 10:04:55.884+0000 INFO  Logging config in use: File '/var/lib/neo4j/conf/user-logs.xml'
2025-06-19 10:04:56.520+0000 INFO  Starting...
2025-06-19 10:05:01.501+0000 INFO  This instance is ServerId{ec443550} (ec443550-4a68-4cc6-b235-189e9ae8abde)
2025-06-19 10:05:06.619+0000 INFO  ======== Neo4j 5.26.8 ========
2025-06-19 10:05:30.181+0000 INFO  Anonymous Usage Data is being sent to Neo4j, see https://neo4j.com/docs/usage-data/
2025-06-19 10:05:30.433+0000 INFO  Bolt enabled on 0.0.0.0:7687.
2025-06-19 10:05:33.710+0000 INFO  HTTP enabled on 0.0.0.0:7474.
2025-06-19 10:05:33.725+0000 INFO  Remote interface available at http://localhost:7474/
2025-06-19 10:05:33.745+0000 INFO  id: 9F87E89A496C640F4BCF6814CC29A2C4896FB0FE292BAC74F89E9EE0B858FC67
2025-06-19 10:05:33.752+0000 INFO  name: system
2025-06-19 10:05:33.756+0000 INFO  creationDate: 2025-05-06T08:56:11.852Z
2025-06-19 10:05:33.760+0000 INFO  Started.
2025-06-19 11:46:41.061+0000 INFO  Neo4j Server shutdown initiated by request
2025-06-19 11:46:41.063+0000 INFO  Stopping...
2025-06-19 11:46:46.680+0000 INFO  Stopped.
2025-06-20 07:51:29.164+0000 INFO  Logging config in use: File '/var/lib/neo4j/conf/user-logs.xml'
2025-06-20 07:51:29.186+0000 INFO  Starting...
2025-06-20 07:51:30.491+0000 INFO  This instance is ServerId{ec443550} (ec443550-4a68-4cc6-b235-189e9ae8abde)
2025-06-20 07:51:31.718+0000 INFO  ======== Neo4j 5.26.8 ========
2025-06-20 07:51:35.420+0000 INFO  Anonymous Usage Data is being sent to Neo4j, see https://neo4j.com/docs/usage-data/
2025-06-20 07:51:35.486+0000 INFO  Bolt enabled on 0.0.0.0:7687.
2025-06-20 07:51:36.404+0000 INFO  HTTP enabled on 0.0.0.0:7474.
2025-06-20 07:51:36.407+0000 INFO  Remote interface available at http://localhost:7474/
2025-06-20 07:51:36.410+0000 INFO  id: 9F87E89A496C640F4BCF6814CC29A2C4896FB0FE292BAC74F89E9EE0B858FC67
2025-06-20 07:51:36.411+0000 INFO  name: system
2025-06-20 07:51:36.412+0000 INFO  creationDate: 2025-05-06T08:56:11.852Z
2025-06-20 07:51:36.412+0000 INFO  Started.
2025-06-20 09:58:24.748+0000 INFO  Neo4j Server shutdown initiated by request
2025-06-20 09:58:24.760+0000 INFO  Stopping...
2025-06-26 09:07:31.457+0000 INFO  Logging config in use: File '/var/lib/neo4j/conf/user-logs.xml'
2025-06-26 09:07:31.490+0000 INFO  Starting...
2025-06-26 09:07:32.761+0000 INFO  This instance is ServerId{ec443550} (ec443550-4a68-4cc6-b235-189e9ae8abde)
2025-06-26 09:07:34.904+0000 INFO  ======== Neo4j 5.26.8 ========
2025-06-26 09:07:46.762+0000 INFO  Anonymous Usage Data is being sent to Neo4j, see https://neo4j.com/docs/usage-data/
2025-06-26 09:07:46.808+0000 INFO  Bolt enabled on 0.0.0.0:7687.
2025-06-26 09:07:47.973+0000 INFO  HTTP enabled on 0.0.0.0:7474.
2025-06-26 09:07:47.974+0000 INFO  Remote interface available at http://localhost:7474/
2025-06-26 09:07:47.980+0000 INFO  id: 9F87E89A496C640F4BCF6814CC29A2C4896FB0FE292BAC74F89E9EE0B858FC67
2025-06-26 09:07:47.981+0000 INFO  name: system
2025-06-26 09:07:47.982+0000 INFO  creationDate: 2025-05-06T08:56:11.852Z
2025-06-26 09:07:47.983+0000 INFO  Started.
2025-06-26 12:46:47.476+0000 INFO  Neo4j Server shutdown initiated by request
2025-06-26 12:46:47.490+0000 INFO  Stopping...
2025-06-26 12:46:53.567+0000 INFO  Stopped.
2025-07-01 08:37:54.968+0000 INFO  Logging config in use: File '/var/lib/neo4j/conf/user-logs.xml'
2025-07-01 08:37:55.001+0000 INFO  Starting...
2025-07-01 08:37:56.076+0000 INFO  This instance is ServerId{ec443550} (ec443550-4a68-4cc6-b235-189e9ae8abde)
2025-07-01 08:37:57.443+0000 INFO  ======== Neo4j 5.26.8 ========
2025-07-01 08:38:14.130+0000 INFO  Anonymous Usage Data is being sent to Neo4j, see https://neo4j.com/docs/usage-data/
2025-07-01 08:38:14.186+0000 INFO  Bolt enabled on 0.0.0.0:7687.
2025-07-01 08:38:15.298+0000 INFO  HTTP enabled on 0.0.0.0:7474.
2025-07-01 08:38:15.300+0000 INFO  Remote interface available at http://localhost:7474/
2025-07-01 08:38:15.304+0000 INFO  id: 9F87E89A496C640F4BCF6814CC29A2C4896FB0FE292BAC74F89E9EE0B858FC67
2025-07-01 08:38:15.305+0000 INFO  name: system
2025-07-01 08:38:15.305+0000 INFO  creationDate: 2025-05-06T08:56:11.852Z
2025-07-01 08:38:15.306+0000 INFO  Started.
2025-07-01 16:19:33.900+0000 INFO  Neo4j Server shutdown initiated by request
2025-07-01 16:19:33.909+0000 INFO  Stopping...
2025-07-01 16:19:39.904+0000 INFO  Stopped.
2025-07-02 09:25:09.127+0000 INFO  Logging config in use: File '/var/lib/neo4j/conf/user-logs.xml'
2025-07-02 09:25:09.196+0000 INFO  Starting...
2025-07-02 09:25:11.141+0000 INFO  This instance is ServerId{ec443550} (ec443550-4a68-4cc6-b235-189e9ae8abde)
2025-07-02 09:25:16.387+0000 INFO  ======== Neo4j 5.26.8 ========
2025-07-02 09:25:55.320+0000 INFO  Anonymous Usage Data is being sent to Neo4j, see https://neo4j.com/docs/usage-data/
2025-07-02 09:25:55.821+0000 INFO  Bolt enabled on 0.0.0.0:7687.
2025-07-02 09:25:59.834+0000 INFO  HTTP enabled on 0.0.0.0:7474.
2025-07-02 09:25:59.853+0000 INFO  Remote interface available at http://localhost:7474/
2025-07-02 09:25:59.879+0000 INFO  id: 9F87E89A496C640F4BCF6814CC29A2C4896FB0FE292BAC74F89E9EE0B858FC67
2025-07-02 09:25:59.885+0000 INFO  name: system
2025-07-02 09:25:59.900+0000 INFO  creationDate: 2025-05-06T08:56:11.852Z
2025-07-02 09:25:59.907+0000 INFO  Started.
2025-07-02 10:33:22.697+0000 INFO  Neo4j Server shutdown initiated by request
2025-07-02 10:33:22.709+0000 INFO  Stopping...
2025-07-04 11:52:02.488+0000 INFO  Logging config in use: File '/var/lib/neo4j/conf/user-logs.xml'
2025-07-04 11:52:02.549+0000 INFO  Starting...
2025-07-04 11:52:04.510+0000 INFO  This instance is ServerId{ec443550} (ec443550-4a68-4cc6-b235-189e9ae8abde)
2025-07-04 11:52:06.544+0000 INFO  ======== Neo4j 5.26.8 ========
2025-07-04 11:52:41.546+0000 INFO  Anonymous Usage Data is being sent to Neo4j, see https://neo4j.com/docs/usage-data/
2025-07-04 11:52:41.593+0000 INFO  Bolt enabled on 0.0.0.0:7687.
2025-07-04 11:52:42.731+0000 INFO  HTTP enabled on 0.0.0.0:7474.
2025-07-04 11:52:42.733+0000 INFO  Remote interface available at http://localhost:7474/
2025-07-04 11:52:42.739+0000 INFO  id: 9F87E89A496C640F4BCF6814CC29A2C4896FB0FE292BAC74F89E9EE0B858FC67
2025-07-04 11:52:42.740+0000 INFO  name: system
2025-07-04 11:52:42.741+0000 INFO  creationDate: 2025-05-06T08:56:11.852Z
2025-07-04 11:52:42.742+0000 INFO  Started.
2025-07-04 16:26:28.344+0000 INFO  Neo4j Server shutdown initiated by request
2025-07-04 16:26:28.351+0000 INFO  Stopping...
2025-07-04 16:26:34.410+0000 INFO  Stopped.
2025-07-07 08:42:13.752+0000 INFO  Logging config in use: File '/var/lib/neo4j/conf/user-logs.xml'
2025-07-07 08:42:13.786+0000 INFO  Starting...
2025-07-07 08:42:15.355+0000 INFO  This instance is ServerId{ec443550} (ec443550-4a68-4cc6-b235-189e9ae8abde)
2025-07-07 08:42:17.199+0000 INFO  ======== Neo4j 5.26.8 ========
2025-07-07 08:42:26.405+0000 INFO  Anonymous Usage Data is being sent to Neo4j, see https://neo4j.com/docs/usage-data/
2025-07-07 08:42:26.456+0000 INFO  Bolt enabled on 0.0.0.0:7687.
2025-07-07 08:42:27.673+0000 INFO  HTTP enabled on 0.0.0.0:7474.
2025-07-07 08:42:27.674+0000 INFO  Remote interface available at http://localhost:7474/
2025-07-07 08:42:27.677+0000 INFO  id: 9F87E89A496C640F4BCF6814CC29A2C4896FB0FE292BAC74F89E9EE0B858FC67
2025-07-07 08:42:27.678+0000 INFO  name: system
2025-07-07 08:42:27.679+0000 INFO  creationDate: 2025-05-06T08:56:11.852Z
2025-07-07 08:42:27.679+0000 INFO  Started.
2025-07-07 09:27:14.745+0000 INFO  Neo4j Server shutdown initiated by request
2025-07-07 09:27:14.748+0000 INFO  Stopping...
2025-07-07 09:27:20.518+0000 INFO  Stopped.
2025-07-07 09:42:13.595+0000 INFO  Logging config in use: File '/var/lib/neo4j/conf/user-logs.xml'
2025-07-07 09:42:13.698+0000 INFO  Starting...
2025-07-07 09:42:16.763+0000 INFO  This instance is ServerId{ec443550} (ec443550-4a68-4cc6-b235-189e9ae8abde)
2025-07-07 09:42:20.054+0000 INFO  ======== Neo4j 5.26.8 ========
2025-07-07 09:42:26.851+0000 INFO  Anonymous Usage Data is being sent to Neo4j, see https://neo4j.com/docs/usage-data/
2025-07-07 09:42:26.973+0000 INFO  Bolt enabled on 0.0.0.0:7687.
2025-07-07 09:42:30.134+0000 INFO  HTTP enabled on 0.0.0.0:7474.
2025-07-07 09:42:30.137+0000 INFO  Remote interface available at http://localhost:7474/
2025-07-07 09:42:30.154+0000 INFO  id: 9F87E89A496C640F4BCF6814CC29A2C4896FB0FE292BAC74F89E9EE0B858FC67
2025-07-07 09:42:30.157+0000 INFO  name: system
2025-07-07 09:42:30.159+0000 INFO  creationDate: 2025-05-06T08:56:11.852Z
2025-07-07 09:42:30.176+0000 INFO  Started.
2025-07-07 13:58:02.879+0000 INFO  Neo4j Server shutdown initiated by request
2025-07-07 13:58:02.892+0000 INFO  Stopping...
2025-07-07 13:58:09.023+0000 INFO  Stopped.
2025-07-09 08:36:45.667+0000 INFO  Logging config in use: File '/var/lib/neo4j/conf/user-logs.xml'
2025-07-09 08:36:45.850+0000 INFO  Starting...
2025-07-09 08:36:51.288+0000 INFO  This instance is ServerId{ec443550} (ec443550-4a68-4cc6-b235-189e9ae8abde)
2025-07-09 08:36:56.684+0000 INFO  ======== Neo4j 5.26.8 ========
2025-07-09 08:37:04.997+0000 INFO  Anonymous Usage Data is being sent to Neo4j, see https://neo4j.com/docs/usage-data/
2025-07-09 08:37:05.125+0000 INFO  Bolt enabled on 0.0.0.0:7687.
2025-07-09 08:37:08.283+0000 INFO  HTTP enabled on 0.0.0.0:7474.
2025-07-09 08:37:08.284+0000 INFO  Remote interface available at http://localhost:7474/
2025-07-09 08:37:08.301+0000 INFO  id: 9F87E89A496C640F4BCF6814CC29A2C4896FB0FE292BAC74F89E9EE0B858FC67
2025-07-09 08:37:08.306+0000 INFO  name: system
2025-07-09 08:37:08.310+0000 INFO  creationDate: 2025-05-06T08:56:11.852Z
2025-07-09 08:37:08.315+0000 INFO  Started.
2025-07-09 09:02:59.255+0000 INFO  Neo4j Server shutdown initiated by request
2025-07-09 09:02:59.258+0000 INFO  Stopping...
2025-07-09 09:03:04.782+0000 INFO  Stopped.
2025-07-21 12:18:29.526+0000 INFO  Logging config in use: File '/var/lib/neo4j/conf/user-logs.xml'
2025-07-21 12:18:29.636+0000 INFO  Starting...
2025-07-21 12:18:47.662+0000 INFO  This instance is ServerId{ec443550} (ec443550-4a68-4cc6-b235-189e9ae8abde)
2025-07-21 12:18:49.351+0000 INFO  ======== Neo4j 5.26.8 ========
2025-07-21 12:19:10.387+0000 INFO  Anonymous Usage Data is being sent to Neo4j, see https://neo4j.com/docs/usage-data/
2025-07-21 12:19:10.442+0000 INFO  Bolt enabled on 0.0.0.0:7687.
2025-07-21 12:19:12.557+0000 INFO  HTTP enabled on 0.0.0.0:7474.
2025-07-21 12:19:12.559+0000 INFO  Remote interface available at http://localhost:7474/
2025-07-21 12:19:12.564+0000 INFO  id: 9F87E89A496C640F4BCF6814CC29A2C4896FB0FE292BAC74F89E9EE0B858FC67
2025-07-21 12:19:12.565+0000 INFO  name: system
2025-07-21 12:19:12.565+0000 INFO  creationDate: 2025-05-06T08:56:11.852Z
2025-07-21 12:19:12.566+0000 INFO  Started.
2025-07-21 16:18:45.130+0000 INFO  Neo4j Server shutdown initiated by request
2025-07-21 16:18:45.134+0000 INFO  Stopping...
2025-07-21 16:18:50.919+0000 INFO  Stopped.
2025-07-23 15:03:13.869+0000 INFO  Logging config in use: File '/var/lib/neo4j/conf/user-logs.xml'
2025-07-23 15:03:13.906+0000 INFO  Starting...
2025-07-23 15:03:15.612+0000 INFO  This instance is ServerId{ec443550} (ec443550-4a68-4cc6-b235-189e9ae8abde)
2025-07-23 15:03:17.681+0000 INFO  ======== Neo4j 5.26.8 ========
2025-07-23 15:03:57.638+0000 INFO  Anonymous Usage Data is being sent to Neo4j, see https://neo4j.com/docs/usage-data/
2025-07-23 15:03:57.700+0000 INFO  Bolt enabled on 0.0.0.0:7687.
2025-07-23 15:04:00.223+0000 INFO  HTTP enabled on 0.0.0.0:7474.
2025-07-23 15:04:00.226+0000 INFO  Remote interface available at http://localhost:7474/
2025-07-23 15:04:00.232+0000 INFO  id: 9F87E89A496C640F4BCF6814CC29A2C4896FB0FE292BAC74F89E9EE0B858FC67
2025-07-23 15:04:00.233+0000 INFO  name: system
2025-07-23 15:04:00.234+0000 INFO  creationDate: 2025-05-06T08:56:11.852Z
2025-07-23 15:04:00.236+0000 INFO  Started.
2025-07-23 16:24:20.660+0000 INFO  Neo4j Server shutdown initiated by request
2025-07-23 16:24:20.677+0000 INFO  Stopping...
2025-07-23 16:24:26.768+0000 INFO  Stopped.
2025-07-28 12:23:24.895+0000 INFO  Logging config in use: File '/var/lib/neo4j/conf/user-logs.xml'
2025-07-28 12:23:24.945+0000 INFO  Starting...
2025-07-28 12:23:27.664+0000 INFO  This instance is ServerId{ec443550} (ec443550-4a68-4cc6-b235-189e9ae8abde)
2025-07-28 12:23:30.776+0000 INFO  ======== Neo4j 5.26.8 ========
2025-07-28 12:23:39.163+0000 INFO  Anonymous Usage Data is being sent to Neo4j, see https://neo4j.com/docs/usage-data/
2025-07-28 12:23:39.318+0000 INFO  Bolt enabled on 0.0.0.0:7687.
2025-07-28 12:23:41.572+0000 INFO  HTTP enabled on 0.0.0.0:7474.
2025-07-28 12:23:41.579+0000 INFO  Remote interface available at http://localhost:7474/
2025-07-28 12:23:41.591+0000 INFO  id: 9F87E89A496C640F4BCF6814CC29A2C4896FB0FE292BAC74F89E9EE0B858FC67
2025-07-28 12:23:41.597+0000 INFO  name: system
2025-07-28 12:23:41.598+0000 INFO  creationDate: 2025-05-06T08:56:11.852Z
2025-07-28 12:23:41.600+0000 INFO  Started.
2025-09-25 11:09:51.886+0000 INFO  Logging config in use: File '/var/lib/neo4j/conf/user-logs.xml'
2025-09-25 11:09:51.955+0000 INFO  Starting...
2025-09-25 11:09:53.766+0000 INFO  This instance is ServerId{ec443550} (ec443550-4a68-4cc6-b235-189e9ae8abde)
2025-09-25 11:09:56.053+0000 INFO  ======== Neo4j 5.26.8 ========
2025-09-25 11:10:01.174+0000 INFO  Anonymous Usage Data is being sent to Neo4j, see https://neo4j.com/docs/usage-data/
2025-09-25 11:10:01.230+0000 INFO  Bolt enabled on 0.0.0.0:7687.
2025-09-25 11:10:02.347+0000 INFO  HTTP enabled on 0.0.0.0:7474.
2025-09-25 11:10:02.350+0000 INFO  Remote interface available at http://localhost:7474/
2025-09-25 11:10:02.355+0000 INFO  id: 9F87E89A496C640F4BCF6814CC29A2C4896FB0FE292BAC74F89E9EE0B858FC67
2025-09-25 11:10:02.356+0000 INFO  name: system
2025-09-25 11:10:02.357+0000 INFO  creationDate: 2025-05-06T08:56:11.852Z
2025-09-25 11:10:02.357+0000 INFO  Started.
2025-09-25 12:50:03.730+0000 INFO  Neo4j Server shutdown initiated by request
2025-09-25 12:50:03.733+0000 INFO  Stopping...
2025-10-07 13:25:34.656+0000 INFO  Logging config in use: File '/var/lib/neo4j/conf/user-logs.xml'
2025-10-07 13:25:34.688+0000 INFO  Starting...
2025-10-07 13:25:36.061+0000 INFO  This instance is ServerId{ec443550} (ec443550-4a68-4cc6-b235-189e9ae8abde)
2025-10-07 13:25:37.490+0000 INFO  ======== Neo4j 5.26.8 ========
2025-10-07 13:25:43.191+0000 INFO  Anonymous Usage Data is being sent to Neo4j, see https://neo4j.com/docs/usage-data/
2025-10-07 13:25:43.243+0000 INFO  Bolt enabled on 0.0.0.0:7687.
2025-10-07 13:25:44.437+0000 INFO  HTTP enabled on 0.0.0.0:7474.
2025-10-07 13:25:44.442+0000 INFO  Remote interface available at http://localhost:7474/
2025-10-07 13:25:44.449+0000 INFO  id: 9F87E89A496C640F4BCF6814CC29A2C4896FB0FE292BAC74F89E9EE0B858FC67
2025-10-07 13:25:44.452+0000 INFO  name: system
2025-10-07 13:25:44.453+0000 INFO  creationDate: 2025-05-06T08:56:11.852Z
2025-10-07 13:25:44.455+0000 INFO  Started.
2025-10-07 13:34:01.942+0000 INFO  Neo4j Server shutdown initiated by request
2025-10-07 13:34:01.943+0000 INFO  Stopping...
2025-10-07 13:34:07.409+0000 INFO  Stopped.
2025-12-15 23:58:47.847+0000 INFO  Logging config in use: File '/var/lib/neo4j/conf/user-logs.xml'
2025-12-15 23:58:47.874+0000 INFO  Starting...
2025-12-15 23:58:48.935+0000 INFO  This instance is ServerId{ec443550} (ec443550-4a68-4cc6-b235-189e9ae8abde)
2025-12-15 23:58:50.409+0000 INFO  ======== Neo4j 5.26.18 ========
2025-12-15 23:58:55.670+0000 INFO  Anonymous Usage Data is being sent to Neo4j, see https://neo4j.com/docs/usage-data/
2025-12-15 23:58:55.733+0000 INFO  Bolt enabled on 0.0.0.0:7687.
2025-12-15 23:58:56.937+0000 INFO  HTTP enabled on 0.0.0.0:7474.
2025-12-15 23:58:56.939+0000 INFO  Remote interface available at http://localhost:7474/
2025-12-15 23:58:56.947+0000 INFO  id: 9F87E89A496C640F4BCF6814CC29A2C4896FB0FE292BAC74F89E9EE0B858FC67
2025-12-15 23:58:56.950+0000 INFO  name: system
2025-12-15 23:58:56.952+0000 INFO  creationDate: 2025-05-06T08:56:11.852Z
2025-12-15 23:58:56.955+0000 INFO  Started.
2025-12-16 00:01:54.246+0000 WARN  [bolt-9] The client is unauthorized due to authentication failure.
2025-12-16 00:01:54.271+0000 WARN  [bolt-10] The client is unauthorized due to authentication failure.
2025-12-16 00:01:54.290+0000 WARN  [bolt-11] The client is unauthorized due to authentication failure.
2025-12-16 00:33:08.124+0000 INFO  Neo4j Server shutdown initiated by request
2025-12-16 00:33:08.131+0000 INFO  Stopping...
2025-12-16 09:07:46.363+0000 INFO  Logging config in use: File '/var/lib/neo4j/conf/user-logs.xml'
2025-12-16 09:07:46.387+0000 INFO  Starting...
2025-12-16 09:07:47.715+0000 INFO  This instance is ServerId{ec443550} (ec443550-4a68-4cc6-b235-189e9ae8abde)
2025-12-16 09:07:49.465+0000 INFO  ======== Neo4j 5.26.18 ========
2025-12-16 09:07:54.778+0000 INFO  Anonymous Usage Data is being sent to Neo4j, see https://neo4j.com/docs/usage-data/
2025-12-16 09:07:54.870+0000 INFO  Bolt enabled on 0.0.0.0:7687.
2025-12-16 09:07:56.134+0000 INFO  HTTP enabled on 0.0.0.0:7474.
2025-12-16 09:07:56.136+0000 INFO  Remote interface available at http://localhost:7474/
2025-12-16 09:07:56.140+0000 INFO  id: 9F87E89A496C640F4BCF6814CC29A2C4896FB0FE292BAC74F89E9EE0B858FC67
2025-12-16 09:07:56.141+0000 INFO  name: system
2025-12-16 09:07:56.142+0000 INFO  creationDate: 2025-05-06T08:56:11.852Z
2025-12-16 09:07:56.142+0000 INFO  Started.
2025-12-16 12:02:02.582+0000 INFO  Neo4j Server shutdown initiated by request
2025-12-16 12:02:02.604+0000 INFO  Stopping...
2025-12-16 12:06:35.497+0000 INFO  Logging config in use: File '/var/lib/neo4j/conf/user-logs.xml'
2025-12-16 12:06:35.523+0000 INFO  Starting...
2025-12-16 12:06:36.493+0000 INFO  This instance is ServerId{ec443550} (ec443550-4a68-4cc6-b235-189e9ae8abde)
2025-12-16 12:06:37.632+0000 INFO  ======== Neo4j 5.26.18 ========
2025-12-16 12:06:41.237+0000 INFO  Anonymous Usage Data is being sent to Neo4j, see https://neo4j.com/docs/usage-data/
2025-12-16 12:06:41.282+0000 INFO  Bolt enabled on 0.0.0.0:7687.
2025-12-16 12:06:42.189+0000 INFO  HTTP enabled on 0.0.0.0:7474.
2025-12-16 12:06:42.191+0000 INFO  Remote interface available at http://localhost:7474/
2025-12-16 12:06:42.195+0000 INFO  id: 9F87E89A496C640F4BCF6814CC29A2C4896FB0FE292BAC74F89E9EE0B858FC67
2025-12-16 12:06:42.197+0000 INFO  name: system
2025-12-16 12:06:42.197+0000 INFO  creationDate: 2025-05-06T08:56:11.852Z
2025-12-16 12:06:42.198+0000 INFO  Started.
2025-12-16 12:07:39.649+0000 INFO  Neo4j Server shutdown initiated by request
2025-12-16 12:07:39.650+0000 INFO  Stopping...
2025-12-16 12:07:52.349+0000 INFO  Logging config in use: File '/var/lib/neo4j/conf/user-logs.xml'
2025-12-16 12:07:52.372+0000 INFO  Starting...
2025-12-16 12:07:53.397+0000 INFO  This instance is ServerId{ec443550} (ec443550-4a68-4cc6-b235-189e9ae8abde)
2025-12-16 12:07:54.751+0000 INFO  ======== Neo4j 5.26.18 ========
2025-12-16 12:07:58.814+0000 INFO  Anonymous Usage Data is being sent to Neo4j, see https://neo4j.com/docs/usage-data/
2025-12-16 12:07:58.869+0000 INFO  Bolt enabled on 0.0.0.0:7687.
2025-12-16 12:07:59.842+0000 INFO  HTTP enabled on 0.0.0.0:7474.
2025-12-16 12:07:59.844+0000 INFO  Remote interface available at http://localhost:7474/
2025-12-16 12:07:59.851+0000 INFO  id: 9F87E89A496C640F4BCF6814CC29A2C4896FB0FE292BAC74F89E9EE0B858FC67
2025-12-16 12:07:59.853+0000 INFO  name: system
2025-12-16 12:07:59.854+0000 INFO  creationDate: 2025-05-06T08:56:11.852Z
2025-12-16 12:07:59.855+0000 INFO  Started.
2025-12-16 12:10:16.669+0000 INFO  Neo4j Server shutdown initiated by request
2025-12-16 12:10:16.671+0000 INFO  Stopping...
2025-12-16 12:10:28.009+0000 INFO  Logging config in use: File '/var/lib/neo4j/conf/user-logs.xml'
2025-12-16 12:10:28.026+0000 INFO  Starting...
2025-12-16 12:10:28.994+0000 INFO  This instance is ServerId{ec443550} (ec443550-4a68-4cc6-b235-189e9ae8abde)
2025-12-16 12:10:30.331+0000 INFO  ======== Neo4j 5.26.18 ========
2025-12-16 12:10:33.716+0000 INFO  Anonymous Usage Data is being sent to Neo4j, see https://neo4j.com/docs/usage-data/
2025-12-16 12:10:33.757+0000 INFO  Bolt enabled on 0.0.0.0:7687.
2025-12-16 12:10:34.634+0000 INFO  HTTP enabled on 0.0.0.0:7474.
2025-12-16 12:10:34.636+0000 INFO  Remote interface available at http://localhost:7474/
2025-12-16 12:10:34.639+0000 INFO  id: 9F87E89A496C640F4BCF6814CC29A2C4896FB0FE292BAC74F89E9EE0B858FC67
2025-12-16 12:10:34.640+0000 INFO  name: system
2025-12-16 12:10:34.641+0000 INFO  creationDate: 2025-05-06T08:56:11.852Z
2025-12-16 12:10:34.641+0000 INFO  Started.
2025-12-16 12:11:59.610+0000 INFO  Neo4j Server shutdown initiated by request
2025-12-16 12:11:59.612+0000 INFO  Stopping...
2025-12-16 12:12:26.129+0000 INFO  Logging config in use: File '/var/lib/neo4j/conf/user-logs.xml'
2025-12-16 12:12:26.151+0000 INFO  Starting...
2025-12-16 12:12:27.198+0000 INFO  This instance is ServerId{ec443550} (ec443550-4a68-4cc6-b235-189e9ae8abde)
2025-12-16 12:12:28.351+0000 INFO  ======== Neo4j 5.26.18 ========
2025-12-16 12:12:32.064+0000 INFO  Anonymous Usage Data is being sent to Neo4j, see https://neo4j.com/docs/usage-data/
2025-12-16 12:12:32.121+0000 INFO  Bolt enabled on 0.0.0.0:7687.
2025-12-16 12:12:33.173+0000 INFO  HTTP enabled on 0.0.0.0:7474.
2025-12-16 12:12:33.175+0000 INFO  Remote interface available at http://localhost:7474/
2025-12-16 12:12:33.179+0000 INFO  id: 9F87E89A496C640F4BCF6814CC29A2C4896FB0FE292BAC74F89E9EE0B858FC67
2025-12-16 12:12:33.180+0000 INFO  name: system
2025-12-16 12:12:33.181+0000 INFO  creationDate: 2025-05-06T08:56:11.852Z
2025-12-16 12:12:33.182+0000 INFO  Started.
2025-12-16 12:15:00.894+0000 INFO  Neo4j Server shutdown initiated by request
2025-12-16 12:15:00.896+0000 INFO  Stopping...
2025-12-16 12:15:11.672+0000 INFO  Logging config in use: File '/var/lib/neo4j/conf/user-logs.xml'
2025-12-16 12:15:11.692+0000 INFO  Starting...
2025-12-16 12:15:12.821+0000 INFO  This instance is ServerId{ec443550} (ec443550-4a68-4cc6-b235-189e9ae8abde)
2025-12-16 12:15:14.236+0000 INFO  ======== Neo4j 5.26.18 ========
2025-12-16 12:15:18.001+0000 INFO  Anonymous Usage Data is being sent to Neo4j, see https://neo4j.com/docs/usage-data/
2025-12-16 12:15:18.066+0000 INFO  Bolt enabled on 0.0.0.0:7687.
2025-12-16 12:15:18.997+0000 INFO  HTTP enabled on 0.0.0.0:7474.
2025-12-16 12:15:18.999+0000 INFO  Remote interface available at http://localhost:7474/
2025-12-16 12:15:19.003+0000 INFO  id: 9F87E89A496C640F4BCF6814CC29A2C4896FB0FE292BAC74F89E9EE0B858FC67
2025-12-16 12:15:19.004+0000 INFO  name: system
2025-12-16 12:15:19.004+0000 INFO  creationDate: 2025-05-06T08:56:11.852Z
2025-12-16 12:15:19.005+0000 INFO  Started.
2025-12-16 12:16:36.799+0000 INFO  Neo4j Server shutdown initiated by request
2025-12-16 12:16:36.801+0000 INFO  Stopping...
2025-12-16 12:17:25.252+0000 INFO  Logging config in use: File '/var/lib/neo4j/conf/user-logs.xml'
2025-12-16 12:17:25.271+0000 INFO  Starting...
2025-12-16 12:17:26.451+0000 INFO  This instance is ServerId{ec443550} (ec443550-4a68-4cc6-b235-189e9ae8abde)
2025-12-16 12:17:27.883+0000 INFO  ======== Neo4j 5.26.18 ========
2025-12-16 12:17:31.656+0000 INFO  Anonymous Usage Data is being sent to Neo4j, see https://neo4j.com/docs/usage-data/
2025-12-16 12:17:31.723+0000 INFO  Bolt enabled on 0.0.0.0:7687.
2025-12-16 12:17:32.931+0000 INFO  HTTP enabled on 0.0.0.0:7474.
2025-12-16 12:17:32.932+0000 INFO  Remote interface available at http://localhost:7474/
2025-12-16 12:17:32.938+0000 INFO  id: 9F87E89A496C640F4BCF6814CC29A2C4896FB0FE292BAC74F89E9EE0B858FC67
2025-12-16 12:17:32.939+0000 INFO  name: system
2025-12-16 12:17:32.940+0000 INFO  creationDate: 2025-05-06T08:56:11.852Z
2025-12-16 12:17:32.941+0000 INFO  Started.
2025-12-16 12:18:39.892+0000 INFO  Neo4j Server shutdown initiated by request
2025-12-16 12:18:39.893+0000 INFO  Stopping...
2025-12-16 12:18:50.906+0000 INFO  Logging config in use: File '/var/lib/neo4j/conf/user-logs.xml'
2025-12-16 12:18:50.928+0000 INFO  Starting...
2025-12-16 12:18:51.968+0000 INFO  This instance is ServerId{ec443550} (ec443550-4a68-4cc6-b235-189e9ae8abde)
2025-12-16 12:18:53.207+0000 INFO  ======== Neo4j 5.26.18 ========
2025-12-16 12:18:56.552+0000 INFO  Anonymous Usage Data is being sent to Neo4j, see https://neo4j.com/docs/usage-data/
2025-12-16 12:18:56.603+0000 INFO  Bolt enabled on 0.0.0.0:7687.
2025-12-16 12:18:57.511+0000 INFO  HTTP enabled on 0.0.0.0:7474.
2025-12-16 12:18:57.513+0000 INFO  Remote interface available at http://localhost:7474/
2025-12-16 12:18:57.518+0000 INFO  id: 9F87E89A496C640F4BCF6814CC29A2C4896FB0FE292BAC74F89E9EE0B858FC67
2025-12-16 12:18:57.518+0000 INFO  name: system
2025-12-16 12:18:57.519+0000 INFO  creationDate: 2025-05-06T08:56:11.852Z
2025-12-16 12:18:57.520+0000 INFO  Started.
2025-12-16 12:20:58.562+0000 INFO  Neo4j Server shutdown initiated by request
2025-12-16 12:20:58.563+0000 INFO  Stopping...
2025-12-16 12:21:45.036+0000 INFO  Logging config in use: File '/var/lib/neo4j/conf/user-logs.xml'
2025-12-16 12:21:45.057+0000 INFO  Starting...
2025-12-16 12:21:46.207+0000 INFO  This instance is ServerId{ec443550} (ec443550-4a68-4cc6-b235-189e9ae8abde)
2025-12-16 12:21:47.740+0000 INFO  ======== Neo4j 5.26.18 ========
2025-12-16 12:21:51.591+0000 INFO  Anonymous Usage Data is being sent to Neo4j, see https://neo4j.com/docs/usage-data/
2025-12-16 12:21:51.654+0000 INFO  Bolt enabled on 0.0.0.0:7687.
2025-12-16 12:21:52.546+0000 INFO  HTTP enabled on 0.0.0.0:7474.
2025-12-16 12:21:52.547+0000 INFO  Remote interface available at http://localhost:7474/
2025-12-16 12:21:52.552+0000 INFO  id: 9F87E89A496C640F4BCF6814CC29A2C4896FB0FE292BAC74F89E9EE0B858FC67
2025-12-16 12:21:52.553+0000 INFO  name: system
2025-12-16 12:21:52.554+0000 INFO  creationDate: 2025-05-06T08:56:11.852Z
2025-12-16 12:21:52.554+0000 INFO  Started.
2025-12-16 12:25:41.962+0000 INFO  Neo4j Server shutdown initiated by request
2025-12-16 12:25:41.964+0000 INFO  Stopping...
2025-12-16 12:26:30.054+0000 INFO  Logging config in use: File '/var/lib/neo4j/conf/user-logs.xml'
2025-12-16 12:26:30.077+0000 INFO  Starting...
2025-12-16 12:26:31.187+0000 INFO  This instance is ServerId{ec443550} (ec443550-4a68-4cc6-b235-189e9ae8abde)
2025-12-16 12:26:32.552+0000 INFO  ======== Neo4j 5.26.18 ========
2025-12-16 12:26:36.019+0000 INFO  Anonymous Usage Data is being sent to Neo4j, see https://neo4j.com/docs/usage-data/
2025-12-16 12:26:36.083+0000 INFO  Bolt enabled on 0.0.0.0:7687.
2025-12-16 12:26:37.002+0000 INFO  HTTP enabled on 0.0.0.0:7474.
2025-12-16 12:26:37.003+0000 INFO  Remote interface available at http://localhost:7474/
2025-12-16 12:26:37.008+0000 INFO  id: 9F87E89A496C640F4BCF6814CC29A2C4896FB0FE292BAC74F89E9EE0B858FC67
2025-12-16 12:26:37.008+0000 INFO  name: system
2025-12-16 12:26:37.009+0000 INFO  creationDate: 2025-05-06T08:56:11.852Z
2025-12-16 12:26:37.010+0000 INFO  Started.
2025-12-16 13:53:17.065+0000 INFO  Neo4j Server shutdown initiated by request
2025-12-16 13:53:17.084+0000 INFO  Stopping...
2025-12-18 00:00:43.483+0000 INFO  Logging config in use: File '/var/lib/neo4j/conf/user-logs.xml'
2025-12-18 00:00:43.510+0000 INFO  Starting...
2025-12-18 00:00:44.674+0000 INFO  This instance is ServerId{ec443550} (ec443550-4a68-4cc6-b235-189e9ae8abde)
2025-12-18 00:00:46.509+0000 INFO  ======== Neo4j 5.26.18 ========
2025-12-18 00:00:50.913+0000 INFO  Anonymous Usage Data is being sent to Neo4j, see https://neo4j.com/docs/usage-data/
2025-12-18 00:00:50.976+0000 INFO  Bolt enabled on 0.0.0.0:7687.
2025-12-18 00:00:52.098+0000 INFO  HTTP enabled on 0.0.0.0:7474.
2025-12-18 00:00:52.100+0000 INFO  Remote interface available at http://localhost:7474/
2025-12-18 00:00:52.104+0000 INFO  id: 9F87E89A496C640F4BCF6814CC29A2C4896FB0FE292BAC74F89E9EE0B858FC67
2025-12-18 00:00:52.105+0000 INFO  name: system
2025-12-18 00:00:52.105+0000 INFO  creationDate: 2025-05-06T08:56:11.852Z
2025-12-18 00:00:52.106+0000 INFO  Started.
2025-12-18 00:12:38.676+0000 INFO  Neo4j Server shutdown initiated by request
2025-12-18 00:12:38.683+0000 INFO  Stopping...
2025-12-18 00:12:54.643+0000 INFO  Logging config in use: File '/var/lib/neo4j/conf/user-logs.xml'
2025-12-18 00:12:54.674+0000 INFO  Starting...
2025-12-18 00:12:55.753+0000 INFO  This instance is ServerId{ec443550} (ec443550-4a68-4cc6-b235-189e9ae8abde)
2025-12-18 00:12:57.404+0000 INFO  ======== Neo4j 5.26.18 ========
2025-12-18 00:13:01.067+0000 INFO  Anonymous Usage Data is being sent to Neo4j, see https://neo4j.com/docs/usage-data/
2025-12-18 00:13:01.115+0000 INFO  Bolt enabled on 0.0.0.0:7687.
2025-12-18 00:13:02.197+0000 INFO  HTTP enabled on 0.0.0.0:7474.
2025-12-18 00:13:02.199+0000 INFO  Remote interface available at http://localhost:7474/
2025-12-18 00:13:02.204+0000 INFO  id: 9F87E89A496C640F4BCF6814CC29A2C4896FB0FE292BAC74F89E9EE0B858FC67
2025-12-18 00:13:02.205+0000 INFO  name: system
2025-12-18 00:13:02.206+0000 INFO  creationDate: 2025-05-06T08:56:11.852Z
2025-12-18 00:13:02.207+0000 INFO  Started.
2025-12-18 00:16:04.741+0000 INFO  Neo4j Server shutdown initiated by request
2025-12-18 00:16:04.744+0000 INFO  Stopping...
2025-12-18 00:16:32.026+0000 INFO  Logging config in use: File '/var/lib/neo4j/conf/user-logs.xml'
2025-12-18 00:16:32.055+0000 INFO  Starting...
2025-12-18 00:16:33.213+0000 INFO  This instance is ServerId{ec443550} (ec443550-4a68-4cc6-b235-189e9ae8abde)
2025-12-18 00:16:34.948+0000 INFO  ======== Neo4j 5.26.18 ========
2025-12-18 00:16:38.877+0000 INFO  Anonymous Usage Data is being sent to Neo4j, see https://neo4j.com/docs/usage-data/
2025-12-18 00:16:38.961+0000 INFO  Bolt enabled on 0.0.0.0:7687.
2025-12-18 00:16:40.039+0000 INFO  HTTP enabled on 0.0.0.0:7474.
2025-12-18 00:16:40.041+0000 INFO  Remote interface available at http://localhost:7474/
2025-12-18 00:16:40.044+0000 INFO  id: 9F87E89A496C640F4BCF6814CC29A2C4896FB0FE292BAC74F89E9EE0B858FC67
2025-12-18 00:16:40.045+0000 INFO  name: system
2025-12-18 00:16:40.046+0000 INFO  creationDate: 2025-05-06T08:56:11.852Z
2025-12-18 00:16:40.047+0000 INFO  Started.
2025-12-18 00:18:04.717+0000 INFO  Neo4j Server shutdown initiated by request
2025-12-18 00:18:04.718+0000 INFO  Stopping...
2025-12-18 00:18:18.820+0000 INFO  Logging config in use: File '/var/lib/neo4j/conf/user-logs.xml'
2025-12-18 00:18:18.845+0000 INFO  Starting...
2025-12-18 00:18:20.258+0000 INFO  This instance is ServerId{ec443550} (ec443550-4a68-4cc6-b235-189e9ae8abde)
2025-12-18 00:18:22.130+0000 INFO  ======== Neo4j 5.26.18 ========
2025-12-18 00:18:27.595+0000 INFO  Anonymous Usage Data is being sent to Neo4j, see https://neo4j.com/docs/usage-data/
2025-12-18 00:18:27.689+0000 INFO  Bolt enabled on 0.0.0.0:7687.
2025-12-18 00:18:28.616+0000 INFO  HTTP enabled on 0.0.0.0:7474.
2025-12-18 00:18:28.618+0000 INFO  Remote interface available at http://localhost:7474/
2025-12-18 00:18:28.623+0000 INFO  id: 9F87E89A496C640F4BCF6814CC29A2C4896FB0FE292BAC74F89E9EE0B858FC67
2025-12-18 00:18:28.624+0000 INFO  name: system
2025-12-18 00:18:28.625+0000 INFO  creationDate: 2025-05-06T08:56:11.852Z
2025-12-18 00:18:28.626+0000 INFO  Started.
2025-12-18 00:19:25.177+0000 INFO  Neo4j Server shutdown initiated by request
2025-12-18 00:19:25.179+0000 INFO  Stopping...
2025-12-18 00:19:37.501+0000 INFO  Logging config in use: File '/var/lib/neo4j/conf/user-logs.xml'
2025-12-18 00:19:37.526+0000 INFO  Starting...
2025-12-18 00:19:38.673+0000 INFO  This instance is ServerId{ec443550} (ec443550-4a68-4cc6-b235-189e9ae8abde)
2025-12-18 00:19:40.033+0000 INFO  ======== Neo4j 5.26.18 ========
2025-12-18 00:19:43.983+0000 INFO  Anonymous Usage Data is being sent to Neo4j, see https://neo4j.com/docs/usage-data/
2025-12-18 00:19:44.033+0000 INFO  Bolt enabled on 0.0.0.0:7687.
2025-12-18 00:19:44.912+0000 INFO  HTTP enabled on 0.0.0.0:7474.
2025-12-18 00:19:44.914+0000 INFO  Remote interface available at http://localhost:7474/
2025-12-18 00:19:44.918+0000 INFO  id: 9F87E89A496C640F4BCF6814CC29A2C4896FB0FE292BAC74F89E9EE0B858FC67
2025-12-18 00:19:44.919+0000 INFO  name: system
2025-12-18 00:19:44.919+0000 INFO  creationDate: 2025-05-06T08:56:11.852Z
2025-12-18 00:19:44.920+0000 INFO  Started.
2025-12-18 00:20:50.964+0000 INFO  Neo4j Server shutdown initiated by request
2025-12-18 00:20:50.966+0000 INFO  Stopping...
2025-12-18 00:21:03.455+0000 INFO  Logging config in use: File '/var/lib/neo4j/conf/user-logs.xml'
2025-12-18 00:21:03.472+0000 INFO  Starting...
2025-12-18 00:21:04.593+0000 INFO  This instance is ServerId{ec443550} (ec443550-4a68-4cc6-b235-189e9ae8abde)
2025-12-18 00:21:06.093+0000 INFO  ======== Neo4j 5.26.18 ========
2025-12-18 00:21:09.749+0000 INFO  Anonymous Usage Data is being sent to Neo4j, see https://neo4j.com/docs/usage-data/
2025-12-18 00:21:09.813+0000 INFO  Bolt enabled on 0.0.0.0:7687.
2025-12-18 00:21:10.824+0000 INFO  HTTP enabled on 0.0.0.0:7474.
2025-12-18 00:21:10.825+0000 INFO  Remote interface available at http://localhost:7474/
2025-12-18 00:21:10.829+0000 INFO  id: 9F87E89A496C640F4BCF6814CC29A2C4896FB0FE292BAC74F89E9EE0B858FC67
2025-12-18 00:21:10.830+0000 INFO  name: system
2025-12-18 00:21:10.831+0000 INFO  creationDate: 2025-05-06T08:56:11.852Z
2025-12-18 00:21:10.831+0000 INFO  Started.
2025-12-18 00:40:08.971+0000 INFO  Neo4j Server shutdown initiated by request
2025-12-18 00:40:08.979+0000 INFO  Stopping...
2025-12-18 00:40:21.462+0000 INFO  Logging config in use: File '/var/lib/neo4j/conf/user-logs.xml'
2025-12-18 00:40:21.487+0000 INFO  Starting...
2025-12-18 00:40:22.793+0000 INFO  This instance is ServerId{ec443550} (ec443550-4a68-4cc6-b235-189e9ae8abde)
2025-12-18 00:40:24.855+0000 INFO  ======== Neo4j 5.26.18 ========
2025-12-18 00:40:29.663+0000 INFO  Anonymous Usage Data is being sent to Neo4j, see https://neo4j.com/docs/usage-data/
2025-12-18 00:40:29.762+0000 INFO  Bolt enabled on 0.0.0.0:7687.
2025-12-18 00:40:30.845+0000 INFO  HTTP enabled on 0.0.0.0:7474.
2025-12-18 00:40:30.847+0000 INFO  Remote interface available at http://localhost:7474/
2025-12-18 00:40:30.852+0000 INFO  id: 9F87E89A496C640F4BCF6814CC29A2C4896FB0FE292BAC74F89E9EE0B858FC67
2025-12-18 00:40:30.853+0000 INFO  name: system
2025-12-18 00:40:30.854+0000 INFO  creationDate: 2025-05-06T08:56:11.852Z
2025-12-18 00:40:30.855+0000 INFO  Started.
2025-12-18 00:46:03.852+0000 INFO  Neo4j Server shutdown initiated by request
2025-12-18 00:46:03.854+0000 INFO  Stopping...
2025-12-18 00:46:18.450+0000 INFO  Logging config in use: File '/var/lib/neo4j/conf/user-logs.xml'
2025-12-18 00:46:18.471+0000 INFO  Starting...
2025-12-18 00:46:19.541+0000 INFO  This instance is ServerId{ec443550} (ec443550-4a68-4cc6-b235-189e9ae8abde)
2025-12-18 00:46:20.948+0000 INFO  ======== Neo4j 5.26.18 ========
2025-12-18 00:46:24.967+0000 INFO  Anonymous Usage Data is being sent to Neo4j, see https://neo4j.com/docs/usage-data/
2025-12-18 00:46:25.039+0000 INFO  Bolt enabled on 0.0.0.0:7687.
2025-12-18 00:46:26.333+0000 INFO  HTTP enabled on 0.0.0.0:7474.
2025-12-18 00:46:26.335+0000 INFO  Remote interface available at http://localhost:7474/
2025-12-18 00:46:26.343+0000 INFO  id: 9F87E89A496C640F4BCF6814CC29A2C4896FB0FE292BAC74F89E9EE0B858FC67
2025-12-18 00:46:26.345+0000 INFO  name: system
2025-12-18 00:46:26.346+0000 INFO  creationDate: 2025-05-06T08:56:11.852Z
2025-12-18 00:46:26.347+0000 INFO  Started.
2025-12-18 00:56:27.333+0000 INFO  Neo4j Server shutdown initiated by request
2025-12-18 00:56:27.335+0000 INFO  Stopping...
2025-12-18 01:06:56.015+0000 INFO  Logging config in use: File '/var/lib/neo4j/conf/user-logs.xml'
2025-12-18 01:06:56.042+0000 INFO  Starting...
2025-12-18 01:06:57.166+0000 INFO  This instance is ServerId{ec443550} (ec443550-4a68-4cc6-b235-189e9ae8abde)
2025-12-18 01:06:59.060+0000 INFO  ======== Neo4j 5.26.18 ========
2025-12-18 01:07:03.372+0000 INFO  Anonymous Usage Data is being sent to Neo4j, see https://neo4j.com/docs/usage-data/
2025-12-18 01:07:03.439+0000 INFO  Bolt enabled on 0.0.0.0:7687.
2025-12-18 01:07:04.617+0000 INFO  HTTP enabled on 0.0.0.0:7474.
2025-12-18 01:07:04.618+0000 INFO  Remote interface available at http://localhost:7474/
2025-12-18 01:07:04.624+0000 INFO  id: 9F87E89A496C640F4BCF6814CC29A2C4896FB0FE292BAC74F89E9EE0B858FC67
2025-12-18 01:07:04.625+0000 INFO  name: system
2025-12-18 01:07:04.626+0000 INFO  creationDate: 2025-05-06T08:56:11.852Z
2025-12-18 01:07:04.627+0000 INFO  Started.
2025-12-23 01:08:14.660+0000 INFO  Logging config in use: File '/var/lib/neo4j/conf/user-logs.xml'
2025-12-23 01:08:14.691+0000 INFO  Starting...
2025-12-23 01:08:15.804+0000 INFO  This instance is ServerId{ec443550} (ec443550-4a68-4cc6-b235-189e9ae8abde)
2025-12-23 01:08:17.435+0000 INFO  ======== Neo4j 5.26.18 ========
2025-12-23 01:08:22.504+0000 INFO  Anonymous Usage Data is being sent to Neo4j, see https://neo4j.com/docs/usage-data/
2025-12-23 01:08:22.564+0000 INFO  Bolt enabled on 0.0.0.0:7687.
2025-12-23 01:08:23.587+0000 INFO  HTTP enabled on 0.0.0.0:7474.
2025-12-23 01:08:23.588+0000 INFO  Remote interface available at http://localhost:7474/
2025-12-23 01:08:23.592+0000 INFO  id: 9F87E89A496C640F4BCF6814CC29A2C4896FB0FE292BAC74F89E9EE0B858FC67
2025-12-23 01:08:23.593+0000 INFO  name: system
2025-12-23 01:08:23.594+0000 INFO  creationDate: 2025-05-06T08:56:11.852Z
2025-12-23 01:08:23.595+0000 INFO  Started.
2025-12-23 02:11:27.985+0000 INFO  Neo4j Server shutdown initiated by request
2025-12-23 02:11:27.991+0000 INFO  Stopping...
2025-12-23 08:16:27.394+0000 INFO  Logging config in use: File '/var/lib/neo4j/conf/user-logs.xml'
2025-12-23 08:16:27.427+0000 INFO  Starting...
2025-12-23 08:16:28.571+0000 INFO  This instance is ServerId{ec443550} (ec443550-4a68-4cc6-b235-189e9ae8abde)
2025-12-23 08:16:30.353+0000 INFO  ======== Neo4j 5.26.18 ========
2025-12-23 08:16:35.076+0000 INFO  Anonymous Usage Data is being sent to Neo4j, see https://neo4j.com/docs/usage-data/
2025-12-23 08:16:35.144+0000 INFO  Bolt enabled on 0.0.0.0:7687.
2025-12-23 08:16:36.212+0000 INFO  HTTP enabled on 0.0.0.0:7474.
2025-12-23 08:16:36.214+0000 INFO  Remote interface available at http://localhost:7474/
2025-12-23 08:16:36.217+0000 INFO  id: 9F87E89A496C640F4BCF6814CC29A2C4896FB0FE292BAC74F89E9EE0B858FC67
2025-12-23 08:16:36.219+0000 INFO  name: system
2025-12-23 08:16:36.220+0000 INFO  creationDate: 2025-05-06T08:56:11.852Z
2025-12-23 08:16:36.220+0000 INFO  Started.
2025-12-23 08:36:34.815+0000 INFO  Neo4j Server shutdown initiated by request
2025-12-23 08:36:34.817+0000 INFO  Stopping...
2025-12-23 08:37:44.746+0000 INFO  Logging config in use: File '/var/lib/neo4j/conf/user-logs.xml'
2025-12-23 08:37:44.769+0000 INFO  Starting...
2025-12-23 08:37:45.888+0000 INFO  This instance is ServerId{ec443550} (ec443550-4a68-4cc6-b235-189e9ae8abde)
2025-12-23 08:37:47.722+0000 INFO  ======== Neo4j 5.26.18 ========
2025-12-23 08:37:53.945+0000 INFO  Anonymous Usage Data is being sent to Neo4j, see https://neo4j.com/docs/usage-data/
2025-12-23 08:37:54.018+0000 INFO  Bolt enabled on 0.0.0.0:7687.
2025-12-23 08:37:55.087+0000 INFO  HTTP enabled on 0.0.0.0:7474.
2025-12-23 08:37:55.089+0000 INFO  Remote interface available at http://localhost:7474/
2025-12-23 08:37:55.093+0000 INFO  id: 9F87E89A496C640F4BCF6814CC29A2C4896FB0FE292BAC74F89E9EE0B858FC67
2025-12-23 08:37:55.093+0000 INFO  name: system
2025-12-23 08:37:55.094+0000 INFO  creationDate: 2025-05-06T08:56:11.852Z
2025-12-23 08:37:55.095+0000 INFO  Started.
2025-12-23 08:43:20.236+0000 INFO  Neo4j Server shutdown initiated by request
2025-12-23 08:43:20.237+0000 INFO  Stopping...
2025-12-23 08:45:04.921+0000 INFO  Logging config in use: File '/var/lib/neo4j/conf/user-logs.xml'
2025-12-23 08:45:04.940+0000 INFO  Starting...
2025-12-23 08:45:05.813+0000 INFO  This instance is ServerId{ec443550} (ec443550-4a68-4cc6-b235-189e9ae8abde)
2025-12-23 08:45:06.921+0000 INFO  ======== Neo4j 5.26.18 ========
2025-12-23 08:45:13.070+0000 INFO  Anonymous Usage Data is being sent to Neo4j, see https://neo4j.com/docs/usage-data/
2025-12-23 08:45:13.124+0000 INFO  Bolt enabled on 0.0.0.0:7687.
2025-12-23 08:45:14.025+0000 INFO  HTTP enabled on 0.0.0.0:7474.
2025-12-23 08:45:14.026+0000 INFO  Remote interface available at http://localhost:7474/
2025-12-23 08:45:14.030+0000 INFO  id: 9F87E89A496C640F4BCF6814CC29A2C4896FB0FE292BAC74F89E9EE0B858FC67
2025-12-23 08:45:14.031+0000 INFO  name: system
2025-12-23 08:45:14.032+0000 INFO  creationDate: 2025-05-06T08:56:11.852Z
2025-12-23 08:45:14.033+0000 INFO  Started.
2025-12-23 08:46:21.328+0000 INFO  Neo4j Server shutdown initiated by request
2025-12-23 08:46:21.331+0000 INFO  Stopping...
2025-12-23 08:48:38.144+0000 INFO  Logging config in use: File '/var/lib/neo4j/conf/user-logs.xml'
2025-12-23 08:48:38.162+0000 INFO  Starting...
2025-12-23 08:48:38.993+0000 INFO  This instance is ServerId{ec443550} (ec443550-4a68-4cc6-b235-189e9ae8abde)
2025-12-23 08:48:40.106+0000 INFO  ======== Neo4j 5.26.18 ========
2025-12-23 08:48:44.384+0000 INFO  Anonymous Usage Data is being sent to Neo4j, see https://neo4j.com/docs/usage-data/
2025-12-23 08:48:44.432+0000 INFO  Bolt enabled on 0.0.0.0:7687.
2025-12-23 08:48:45.297+0000 INFO  HTTP enabled on 0.0.0.0:7474.
2025-12-23 08:48:45.298+0000 INFO  Remote interface available at http://localhost:7474/
2025-12-23 08:48:45.302+0000 INFO  id: 9F87E89A496C640F4BCF6814CC29A2C4896FB0FE292BAC74F89E9EE0B858FC67
2025-12-23 08:48:45.303+0000 INFO  name: system
2025-12-23 08:48:45.303+0000 INFO  creationDate: 2025-05-06T08:56:11.852Z
2025-12-23 08:48:45.304+0000 INFO  Started.
2025-12-23 08:58:30.117+0000 INFO  Neo4j Server shutdown initiated by request
2025-12-23 08:58:30.118+0000 INFO  Stopping...
2025-12-23 08:58:54.833+0000 INFO  Logging config in use: File '/var/lib/neo4j/conf/user-logs.xml'
2025-12-23 08:58:54.862+0000 INFO  Starting...
2025-12-23 08:58:56.282+0000 INFO  This instance is ServerId{ec443550} (ec443550-4a68-4cc6-b235-189e9ae8abde)
2025-12-23 08:58:57.594+0000 INFO  ======== Neo4j 5.26.18 ========
2025-12-23 08:59:01.214+0000 INFO  Anonymous Usage Data is being sent to Neo4j, see https://neo4j.com/docs/usage-data/
2025-12-23 08:59:01.261+0000 INFO  Bolt enabled on 0.0.0.0:7687.
2025-12-23 08:59:02.105+0000 INFO  HTTP enabled on 0.0.0.0:7474.
2025-12-23 08:59:02.106+0000 INFO  Remote interface available at http://localhost:7474/
2025-12-23 08:59:02.110+0000 INFO  id: 9F87E89A496C640F4BCF6814CC29A2C4896FB0FE292BAC74F89E9EE0B858FC67
2025-12-23 08:59:02.111+0000 INFO  name: system
2025-12-23 08:59:02.112+0000 INFO  creationDate: 2025-05-06T08:56:11.852Z
2025-12-23 08:59:02.113+0000 INFO  Started.
2025-12-23 09:11:52.540+0000 INFO  Neo4j Server shutdown initiated by request
2025-12-23 09:11:52.545+0000 INFO  Stopping...
2025-12-23 09:22:16.397+0000 INFO  Logging config in use: File '/var/lib/neo4j/conf/user-logs.xml'
2025-12-23 09:22:16.422+0000 INFO  Starting...
2025-12-23 09:22:17.438+0000 INFO  This instance is ServerId{ec443550} (ec443550-4a68-4cc6-b235-189e9ae8abde)
2025-12-23 09:22:18.932+0000 INFO  ======== Neo4j 5.26.18 ========
2025-12-23 09:22:23.227+0000 INFO  Anonymous Usage Data is being sent to Neo4j, see https://neo4j.com/docs/usage-data/
2025-12-23 09:22:23.308+0000 INFO  Bolt enabled on 0.0.0.0:7687.
2025-12-23 09:22:24.501+0000 INFO  HTTP enabled on 0.0.0.0:7474.
2025-12-23 09:22:24.502+0000 INFO  Remote interface available at http://localhost:7474/
2025-12-23 09:22:24.505+0000 INFO  id: 9F87E89A496C640F4BCF6814CC29A2C4896FB0FE292BAC74F89E9EE0B858FC67
2025-12-23 09:22:24.506+0000 INFO  name: system
2025-12-23 09:22:24.507+0000 INFO  creationDate: 2025-05-06T08:56:11.852Z
2025-12-23 09:22:24.508+0000 INFO  Started.
2025-12-23 09:24:13.158+0000 INFO  Neo4j Server shutdown initiated by request
2025-12-23 09:24:13.160+0000 INFO  Stopping...
2025-12-23 09:24:23.619+0000 INFO  Logging config in use: File '/var/lib/neo4j/conf/user-logs.xml'
2025-12-23 09:24:23.637+0000 INFO  Starting...
2025-12-23 09:24:24.492+0000 INFO  This instance is ServerId{ec443550} (ec443550-4a68-4cc6-b235-189e9ae8abde)
2025-12-23 09:24:25.605+0000 INFO  ======== Neo4j 5.26.18 ========
2025-12-23 09:24:31.230+0000 INFO  Anonymous Usage Data is being sent to Neo4j, see https://neo4j.com/docs/usage-data/
2025-12-23 09:24:31.279+0000 INFO  Bolt enabled on 0.0.0.0:7687.
2025-12-23 09:24:32.133+0000 INFO  HTTP enabled on 0.0.0.0:7474.
2025-12-23 09:24:32.134+0000 INFO  Remote interface available at http://localhost:7474/
2025-12-23 09:24:32.138+0000 INFO  id: 9F87E89A496C640F4BCF6814CC29A2C4896FB0FE292BAC74F89E9EE0B858FC67
2025-12-23 09:24:32.138+0000 INFO  name: system
2025-12-23 09:24:32.139+0000 INFO  creationDate: 2025-05-06T08:56:11.852Z
2025-12-23 09:24:32.140+0000 INFO  Started.
2025-12-23 09:25:23.596+0000 INFO  Neo4j Server shutdown initiated by request
2025-12-23 09:25:23.597+0000 INFO  Stopping...
2025-12-23 09:25:34.963+0000 INFO  Logging config in use: File '/var/lib/neo4j/conf/user-logs.xml'
2025-12-23 09:25:34.983+0000 INFO  Starting...
2025-12-23 09:25:35.871+0000 INFO  This instance is ServerId{ec443550} (ec443550-4a68-4cc6-b235-189e9ae8abde)
2025-12-23 09:25:37.054+0000 INFO  ======== Neo4j 5.26.18 ========
2025-12-23 09:25:41.073+0000 INFO  Anonymous Usage Data is being sent to Neo4j, see https://neo4j.com/docs/usage-data/
2025-12-23 09:25:41.123+0000 INFO  Bolt enabled on 0.0.0.0:7687.
2025-12-23 09:25:42.025+0000 INFO  HTTP enabled on 0.0.0.0:7474.
2025-12-23 09:25:42.026+0000 INFO  Remote interface available at http://localhost:7474/
2025-12-23 09:25:42.030+0000 INFO  id: 9F87E89A496C640F4BCF6814CC29A2C4896FB0FE292BAC74F89E9EE0B858FC67
2025-12-23 09:25:42.031+0000 INFO  name: system
2025-12-23 09:25:42.032+0000 INFO  creationDate: 2025-05-06T08:56:11.852Z
2025-12-23 09:25:42.033+0000 INFO  Started.
2025-12-23 09:25:58.421+0000 INFO  Neo4j Server shutdown initiated by request
2025-12-23 09:25:58.421+0000 INFO  Stopping...
2025-12-23 09:26:09.235+0000 INFO  Logging config in use: File '/var/lib/neo4j/conf/user-logs.xml'
2025-12-23 09:26:09.255+0000 INFO  Starting...
2025-12-23 09:26:10.130+0000 INFO  This instance is ServerId{ec443550} (ec443550-4a68-4cc6-b235-189e9ae8abde)
2025-12-23 09:26:11.250+0000 INFO  ======== Neo4j 5.26.18 ========
2025-12-23 09:26:16.158+0000 INFO  Anonymous Usage Data is being sent to Neo4j, see https://neo4j.com/docs/usage-data/
2025-12-23 09:26:16.200+0000 INFO  Bolt enabled on 0.0.0.0:7687.
2025-12-23 09:26:17.000+0000 INFO  HTTP enabled on 0.0.0.0:7474.
2025-12-23 09:26:17.001+0000 INFO  Remote interface available at http://localhost:7474/
2025-12-23 09:26:17.005+0000 INFO  id: 9F87E89A496C640F4BCF6814CC29A2C4896FB0FE292BAC74F89E9EE0B858FC67
2025-12-23 09:26:17.006+0000 INFO  name: system
2025-12-23 09:26:17.007+0000 INFO  creationDate: 2025-05-06T08:56:11.852Z
2025-12-23 09:26:17.007+0000 INFO  Started.
2025-12-23 09:30:32.167+0000 INFO  Neo4j Server shutdown initiated by request
2025-12-23 09:30:32.170+0000 INFO  Stopping...
2025-12-23 09:30:46.020+0000 INFO  Logging config in use: File '/var/lib/neo4j/conf/user-logs.xml'
2025-12-23 09:30:46.038+0000 INFO  Starting...
2025-12-23 09:30:46.888+0000 INFO  This instance is ServerId{ec443550} (ec443550-4a68-4cc6-b235-189e9ae8abde)
2025-12-23 09:30:47.993+0000 INFO  ======== Neo4j 5.26.18 ========
2025-12-23 09:30:51.494+0000 INFO  Anonymous Usage Data is being sent to Neo4j, see https://neo4j.com/docs/usage-data/
2025-12-23 09:30:51.564+0000 INFO  Bolt enabled on 0.0.0.0:7687.
2025-12-23 09:30:52.474+0000 INFO  HTTP enabled on 0.0.0.0:7474.
2025-12-23 09:30:52.475+0000 INFO  Remote interface available at http://localhost:7474/
2025-12-23 09:30:52.478+0000 INFO  id: 9F87E89A496C640F4BCF6814CC29A2C4896FB0FE292BAC74F89E9EE0B858FC67
2025-12-23 09:30:52.479+0000 INFO  name: system
2025-12-23 09:30:52.480+0000 INFO  creationDate: 2025-05-06T08:56:11.852Z
2025-12-23 09:30:52.481+0000 INFO  Started.
2025-12-23 09:35:52.127+0000 INFO  Neo4j Server shutdown initiated by request
2025-12-23 09:35:52.128+0000 INFO  Stopping...
2025-12-23 09:36:34.298+0000 INFO  Logging config in use: File '/var/lib/neo4j/conf/user-logs.xml'
2025-12-23 09:36:34.315+0000 INFO  Starting...
2025-12-23 09:36:35.647+0000 INFO  This instance is ServerId{ec443550} (ec443550-4a68-4cc6-b235-189e9ae8abde)
2025-12-23 09:36:37.006+0000 INFO  ======== Neo4j 5.26.18 ========
2025-12-23 09:36:40.793+0000 INFO  Anonymous Usage Data is being sent to Neo4j, see https://neo4j.com/docs/usage-data/
2025-12-23 09:36:40.853+0000 INFO  Bolt enabled on 0.0.0.0:7687.
2025-12-23 09:36:41.806+0000 INFO  HTTP enabled on 0.0.0.0:7474.
2025-12-23 09:36:41.807+0000 INFO  Remote interface available at http://localhost:7474/
2025-12-23 09:36:41.813+0000 INFO  id: 9F87E89A496C640F4BCF6814CC29A2C4896FB0FE292BAC74F89E9EE0B858FC67
2025-12-23 09:36:41.814+0000 INFO  name: system
2025-12-23 09:36:41.815+0000 INFO  creationDate: 2025-05-06T08:56:11.852Z
2025-12-23 09:36:41.816+0000 INFO  Started.
2025-12-23 09:39:42.868+0000 INFO  Neo4j Server shutdown initiated by request
2025-12-23 09:39:42.870+0000 INFO  Stopping...
2025-12-23 09:39:54.791+0000 INFO  Logging config in use: File '/var/lib/neo4j/conf/user-logs.xml'
2025-12-23 09:39:54.813+0000 INFO  Starting...
2025-12-23 09:39:56.000+0000 INFO  This instance is ServerId{ec443550} (ec443550-4a68-4cc6-b235-189e9ae8abde)
2025-12-23 09:39:57.372+0000 INFO  ======== Neo4j 5.26.18 ========
2025-12-23 09:40:01.008+0000 INFO  Anonymous Usage Data is being sent to Neo4j, see https://neo4j.com/docs/usage-data/
2025-12-23 09:40:01.061+0000 INFO  Bolt enabled on 0.0.0.0:7687.
2025-12-23 09:40:01.954+0000 INFO  HTTP enabled on 0.0.0.0:7474.
2025-12-23 09:40:01.956+0000 INFO  Remote interface available at http://localhost:7474/
2025-12-23 09:40:01.961+0000 INFO  id: 9F87E89A496C640F4BCF6814CC29A2C4896FB0FE292BAC74F89E9EE0B858FC67
2025-12-23 09:40:01.962+0000 INFO  name: system
2025-12-23 09:40:01.962+0000 INFO  creationDate: 2025-05-06T08:56:11.852Z
2025-12-23 09:40:01.963+0000 INFO  Started.
2025-12-23 09:40:30.005+0000 INFO  Neo4j Server shutdown initiated by request
2025-12-23 09:40:30.006+0000 INFO  Stopping...
2025-12-23 09:40:41.456+0000 INFO  Logging config in use: File '/var/lib/neo4j/conf/user-logs.xml'
2025-12-23 09:40:41.474+0000 INFO  Starting...
2025-12-23 09:40:42.437+0000 INFO  This instance is ServerId{ec443550} (ec443550-4a68-4cc6-b235-189e9ae8abde)
2025-12-23 09:40:43.596+0000 INFO  ======== Neo4j 5.26.18 ========
2025-12-23 09:40:47.045+0000 INFO  Anonymous Usage Data is being sent to Neo4j, see https://neo4j.com/docs/usage-data/
2025-12-23 09:40:47.118+0000 INFO  Bolt enabled on 0.0.0.0:7687.
2025-12-23 09:40:48.117+0000 INFO  HTTP enabled on 0.0.0.0:7474.
2025-12-23 09:40:48.119+0000 INFO  Remote interface available at http://localhost:7474/
2025-12-23 09:40:48.123+0000 INFO  id: 9F87E89A496C640F4BCF6814CC29A2C4896FB0FE292BAC74F89E9EE0B858FC67
2025-12-23 09:40:48.124+0000 INFO  name: system
2025-12-23 09:40:48.125+0000 INFO  creationDate: 2025-05-06T08:56:11.852Z
2025-12-23 09:40:48.125+0000 INFO  Started.
2025-12-23 10:04:32.298+0000 INFO  Neo4j Server shutdown initiated by request
2025-12-23 10:04:32.301+0000 INFO  Stopping...
2025-12-23 13:18:45.624+0000 INFO  Logging config in use: File '/var/lib/neo4j/conf/user-logs.xml'
2025-12-23 13:18:45.655+0000 INFO  Starting...
2025-12-23 13:18:47.789+0000 INFO  This instance is ServerId{ec443550} (ec443550-4a68-4cc6-b235-189e9ae8abde)
2025-12-23 13:18:49.552+0000 INFO  ======== Neo4j 5.26.18 ========
2025-12-23 13:18:53.925+0000 INFO  Anonymous Usage Data is being sent to Neo4j, see https://neo4j.com/docs/usage-data/
2025-12-23 13:18:53.992+0000 INFO  Bolt enabled on 0.0.0.0:7687.
2025-12-23 13:18:55.186+0000 INFO  HTTP enabled on 0.0.0.0:7474.
2025-12-23 13:18:55.188+0000 INFO  Remote interface available at http://localhost:7474/
2025-12-23 13:18:55.194+0000 INFO  id: 9F87E89A496C640F4BCF6814CC29A2C4896FB0FE292BAC74F89E9EE0B858FC67
2025-12-23 13:18:55.195+0000 INFO  name: system
2025-12-23 13:18:55.196+0000 INFO  creationDate: 2025-05-06T08:56:11.852Z
2025-12-23 13:18:55.197+0000 INFO  Started.
2025-12-23 13:20:13.855+0000 INFO  Neo4j Server shutdown initiated by request
2025-12-23 13:20:13.859+0000 INFO  Stopping...
2025-12-23 13:20:26.465+0000 INFO  Logging config in use: File '/var/lib/neo4j/conf/user-logs.xml'
2025-12-23 13:20:26.485+0000 INFO  Starting...
2025-12-23 13:20:27.462+0000 INFO  This instance is ServerId{ec443550} (ec443550-4a68-4cc6-b235-189e9ae8abde)
2025-12-23 13:20:29.253+0000 INFO  ======== Neo4j 5.26.18 ========
2025-12-23 13:20:33.933+0000 INFO  Anonymous Usage Data is being sent to Neo4j, see https://neo4j.com/docs/usage-data/
2025-12-23 13:20:33.997+0000 INFO  Bolt enabled on 0.0.0.0:7687.
2025-12-23 13:20:35.123+0000 INFO  HTTP enabled on 0.0.0.0:7474.
2025-12-23 13:20:35.124+0000 INFO  Remote interface available at http://localhost:7474/
2025-12-23 13:20:35.130+0000 INFO  id: 9F87E89A496C640F4BCF6814CC29A2C4896FB0FE292BAC74F89E9EE0B858FC67
2025-12-23 13:20:35.131+0000 INFO  name: system
2025-12-23 13:20:35.131+0000 INFO  creationDate: 2025-05-06T08:56:11.852Z
2025-12-23 13:20:35.132+0000 INFO  Started.
2025-12-23 13:22:59.469+0000 INFO  Neo4j Server shutdown initiated by request
2025-12-23 13:22:59.471+0000 INFO  Stopping...
2025-12-23 13:23:11.172+0000 INFO  Logging config in use: File '/var/lib/neo4j/conf/user-logs.xml'
2025-12-23 13:23:11.203+0000 INFO  Starting...
2025-12-23 13:23:12.178+0000 INFO  This instance is ServerId{ec443550} (ec443550-4a68-4cc6-b235-189e9ae8abde)
2025-12-23 13:23:13.401+0000 INFO  ======== Neo4j 5.26.18 ========
2025-12-23 13:23:16.998+0000 INFO  Anonymous Usage Data is being sent to Neo4j, see https://neo4j.com/docs/usage-data/
2025-12-23 13:23:17.041+0000 INFO  Bolt enabled on 0.0.0.0:7687.
2025-12-23 13:23:18.040+0000 INFO  HTTP enabled on 0.0.0.0:7474.
2025-12-23 13:23:18.042+0000 INFO  Remote interface available at http://localhost:7474/
2025-12-23 13:23:18.048+0000 INFO  id: 9F87E89A496C640F4BCF6814CC29A2C4896FB0FE292BAC74F89E9EE0B858FC67
2025-12-23 13:23:18.049+0000 INFO  name: system
2025-12-23 13:23:18.051+0000 INFO  creationDate: 2025-05-06T08:56:11.852Z
2025-12-23 13:23:18.052+0000 INFO  Started.
2025-12-23 13:33:38.853+0000 INFO  Neo4j Server shutdown initiated by request
2025-12-23 13:33:38.854+0000 INFO  Stopping...
2025-12-23 13:33:58.197+0000 INFO  Logging config in use: File '/var/lib/neo4j/conf/user-logs.xml'
2025-12-23 13:33:58.224+0000 INFO  Starting...
2025-12-23 13:33:59.158+0000 INFO  This instance is ServerId{ec443550} (ec443550-4a68-4cc6-b235-189e9ae8abde)
2025-12-23 13:34:00.640+0000 INFO  ======== Neo4j 5.26.18 ========
2025-12-23 13:34:04.513+0000 INFO  Anonymous Usage Data is being sent to Neo4j, see https://neo4j.com/docs/usage-data/
2025-12-23 13:34:04.593+0000 INFO  Bolt enabled on 0.0.0.0:7687.
2025-12-23 13:34:05.654+0000 INFO  HTTP enabled on 0.0.0.0:7474.
2025-12-23 13:34:05.657+0000 INFO  Remote interface available at http://localhost:7474/
2025-12-23 13:34:05.662+0000 INFO  id: 9F87E89A496C640F4BCF6814CC29A2C4896FB0FE292BAC74F89E9EE0B858FC67
2025-12-23 13:34:05.663+0000 INFO  name: system
2025-12-23 13:34:05.664+0000 INFO  creationDate: 2025-05-06T08:56:11.852Z
2025-12-23 13:34:05.665+0000 INFO  Started.
2025-12-23 13:34:49.116+0000 INFO  Neo4j Server shutdown initiated by request
2025-12-23 13:34:49.117+0000 INFO  Stopping...
2025-12-23 13:35:08.151+0000 INFO  Logging config in use: File '/var/lib/neo4j/conf/user-logs.xml'
2025-12-23 13:35:08.175+0000 INFO  Starting...
2025-12-23 13:35:09.230+0000 INFO  This instance is ServerId{ec443550} (ec443550-4a68-4cc6-b235-189e9ae8abde)
2025-12-23 13:35:10.425+0000 INFO  ======== Neo4j 5.26.18 ========
2025-12-23 13:35:16.161+0000 INFO  Anonymous Usage Data is being sent to Neo4j, see https://neo4j.com/docs/usage-data/
2025-12-23 13:35:16.275+0000 INFO  Bolt enabled on 0.0.0.0:7687.
2025-12-23 13:35:17.526+0000 INFO  HTTP enabled on 0.0.0.0:7474.
2025-12-23 13:35:17.528+0000 INFO  Remote interface available at http://localhost:7474/
2025-12-23 13:35:17.534+0000 INFO  id: 9F87E89A496C640F4BCF6814CC29A2C4896FB0FE292BAC74F89E9EE0B858FC67
2025-12-23 13:35:17.536+0000 INFO  name: system
2025-12-23 13:35:17.537+0000 INFO  creationDate: 2025-05-06T08:56:11.852Z
2025-12-23 13:35:17.537+0000 INFO  Started.
2025-12-23 13:37:35.516+0000 INFO  Neo4j Server shutdown initiated by request
2025-12-23 13:37:35.518+0000 INFO  Stopping...
2025-12-23 13:37:47.465+0000 INFO  Logging config in use: File '/var/lib/neo4j/conf/user-logs.xml'
2025-12-23 13:37:47.599+0000 INFO  Starting...
2025-12-23 13:37:49.014+0000 INFO  This instance is ServerId{ec443550} (ec443550-4a68-4cc6-b235-189e9ae8abde)
2025-12-23 13:37:50.615+0000 INFO  ======== Neo4j 5.26.18 ========
2025-12-23 13:37:54.364+0000 INFO  Anonymous Usage Data is being sent to Neo4j, see https://neo4j.com/docs/usage-data/
2025-12-23 13:37:54.437+0000 INFO  Bolt enabled on 0.0.0.0:7687.
2025-12-23 13:37:55.326+0000 INFO  HTTP enabled on 0.0.0.0:7474.
2025-12-23 13:37:55.327+0000 INFO  Remote interface available at http://localhost:7474/
2025-12-23 13:37:55.333+0000 INFO  id: 9F87E89A496C640F4BCF6814CC29A2C4896FB0FE292BAC74F89E9EE0B858FC67
2025-12-23 13:37:55.334+0000 INFO  name: system
2025-12-23 13:37:55.335+0000 INFO  creationDate: 2025-05-06T08:56:11.852Z
2025-12-23 13:37:55.336+0000 INFO  Started.
2025-12-23 13:38:12.558+0000 INFO  Neo4j Server shutdown initiated by request
2025-12-23 13:38:12.561+0000 INFO  Stopping...
2025-12-23 13:40:50.466+0000 INFO  Logging config in use: File '/var/lib/neo4j/conf/user-logs.xml'
2025-12-23 13:40:50.493+0000 INFO  Starting...
2025-12-23 13:40:51.618+0000 INFO  This instance is ServerId{ec443550} (ec443550-4a68-4cc6-b235-189e9ae8abde)
2025-12-23 13:40:52.845+0000 INFO  ======== Neo4j 5.26.18 ========
2025-12-23 13:40:56.617+0000 INFO  Anonymous Usage Data is being sent to Neo4j, see https://neo4j.com/docs/usage-data/
2025-12-23 13:40:56.672+0000 INFO  Bolt enabled on 0.0.0.0:7687.
2025-12-23 13:40:57.698+0000 INFO  HTTP enabled on 0.0.0.0:7474.
2025-12-23 13:40:57.700+0000 INFO  Remote interface available at http://localhost:7474/
2025-12-23 13:40:57.706+0000 INFO  id: 9F87E89A496C640F4BCF6814CC29A2C4896FB0FE292BAC74F89E9EE0B858FC67
2025-12-23 13:40:57.707+0000 INFO  name: system
2025-12-23 13:40:57.708+0000 INFO  creationDate: 2025-05-06T08:56:11.852Z
2025-12-23 13:40:57.709+0000 INFO  Started.
2025-12-23 13:45:09.101+0000 INFO  Neo4j Server shutdown initiated by request
2025-12-23 13:45:09.103+0000 INFO  Stopping...
2025-12-23 13:48:22.995+0000 INFO  Logging config in use: File '/var/lib/neo4j/conf/user-logs.xml'
2025-12-23 13:48:23.031+0000 INFO  Starting...
2025-12-23 13:48:24.543+0000 INFO  This instance is ServerId{ec443550} (ec443550-4a68-4cc6-b235-189e9ae8abde)
2025-12-23 13:48:26.276+0000 INFO  ======== Neo4j 5.26.18 ========
2025-12-23 13:48:30.269+0000 INFO  Anonymous Usage Data is being sent to Neo4j, see https://neo4j.com/docs/usage-data/
2025-12-23 13:48:30.351+0000 INFO  Bolt enabled on 0.0.0.0:7687.
2025-12-23 13:48:31.531+0000 INFO  HTTP enabled on 0.0.0.0:7474.
2025-12-23 13:48:31.533+0000 INFO  Remote interface available at http://localhost:7474/
2025-12-23 13:48:31.537+0000 INFO  id: 9F87E89A496C640F4BCF6814CC29A2C4896FB0FE292BAC74F89E9EE0B858FC67
2025-12-23 13:48:31.538+0000 INFO  name: system
2025-12-23 13:48:31.538+0000 INFO  creationDate: 2025-05-06T08:56:11.852Z
2025-12-23 13:48:31.539+0000 INFO  Started.
2025-12-23 13:50:47.079+0000 INFO  Neo4j Server shutdown initiated by request
2025-12-23 13:50:47.082+0000 INFO  Stopping...
2025-12-23 13:51:04.913+0000 INFO  Logging config in use: File '/var/lib/neo4j/conf/user-logs.xml'
2025-12-23 13:51:04.930+0000 INFO  Starting...
2025-12-23 13:51:06.083+0000 INFO  This instance is ServerId{ec443550} (ec443550-4a68-4cc6-b235-189e9ae8abde)
2025-12-23 13:51:07.946+0000 INFO  ======== Neo4j 5.26.18 ========
2025-12-23 13:51:11.708+0000 INFO  Anonymous Usage Data is being sent to Neo4j, see https://neo4j.com/docs/usage-data/
2025-12-23 13:51:11.765+0000 INFO  Bolt enabled on 0.0.0.0:7687.
2025-12-23 13:51:12.781+0000 INFO  HTTP enabled on 0.0.0.0:7474.
2025-12-23 13:51:12.783+0000 INFO  Remote interface available at http://localhost:7474/
2025-12-23 13:51:12.788+0000 INFO  id: 9F87E89A496C640F4BCF6814CC29A2C4896FB0FE292BAC74F89E9EE0B858FC67
2025-12-23 13:51:12.789+0000 INFO  name: system
2025-12-23 13:51:12.791+0000 INFO  creationDate: 2025-05-06T08:56:11.852Z
2025-12-23 13:51:12.792+0000 INFO  Started.
2025-12-23 13:53:14.078+0000 INFO  Neo4j Server shutdown initiated by request
2025-12-23 13:53:14.083+0000 INFO  Stopping...
2025-12-23 13:53:34.943+0000 INFO  Logging config in use: File '/var/lib/neo4j/conf/user-logs.xml'
2025-12-23 13:53:34.998+0000 INFO  Starting...
2025-12-23 13:53:36.240+0000 INFO  This instance is ServerId{ec443550} (ec443550-4a68-4cc6-b235-189e9ae8abde)
2025-12-23 13:53:37.676+0000 INFO  ======== Neo4j 5.26.18 ========
2025-12-23 13:53:42.287+0000 INFO  Anonymous Usage Data is being sent to Neo4j, see https://neo4j.com/docs/usage-data/
2025-12-23 13:53:42.346+0000 INFO  Bolt enabled on 0.0.0.0:7687.
2025-12-23 13:53:43.545+0000 INFO  HTTP enabled on 0.0.0.0:7474.
2025-12-23 13:53:43.546+0000 INFO  Remote interface available at http://localhost:7474/
2025-12-23 13:53:43.551+0000 INFO  id: 9F87E89A496C640F4BCF6814CC29A2C4896FB0FE292BAC74F89E9EE0B858FC67
2025-12-23 13:53:43.552+0000 INFO  name: system
2025-12-23 13:53:43.553+0000 INFO  creationDate: 2025-05-06T08:56:11.852Z
2025-12-23 13:53:43.553+0000 INFO  Started.
2025-12-23 13:54:44.053+0000 INFO  Neo4j Server shutdown initiated by request
2025-12-23 13:54:44.054+0000 INFO  Stopping...
2025-12-23 14:02:26.563+0000 INFO  Logging config in use: File '/var/lib/neo4j/conf/user-logs.xml'
2025-12-23 14:02:26.628+0000 INFO  Starting...
2025-12-23 14:02:28.461+0000 INFO  This instance is ServerId{ec443550} (ec443550-4a68-4cc6-b235-189e9ae8abde)
2025-12-23 14:02:30.670+0000 INFO  ======== Neo4j 5.26.18 ========
2025-12-23 14:02:35.157+0000 INFO  Anonymous Usage Data is being sent to Neo4j, see https://neo4j.com/docs/usage-data/
2025-12-23 14:02:35.220+0000 INFO  Bolt enabled on 0.0.0.0:7687.
2025-12-23 14:02:36.341+0000 INFO  HTTP enabled on 0.0.0.0:7474.
2025-12-23 14:02:36.343+0000 INFO  Remote interface available at http://localhost:7474/
2025-12-23 14:02:36.348+0000 INFO  id: 9F87E89A496C640F4BCF6814CC29A2C4896FB0FE292BAC74F89E9EE0B858FC67
2025-12-23 14:02:36.350+0000 INFO  name: system
2025-12-23 14:02:36.351+0000 INFO  creationDate: 2025-05-06T08:56:11.852Z
2025-12-23 14:02:36.351+0000 INFO  Started.
2025-12-23 14:03:29.529+0000 INFO  Neo4j Server shutdown initiated by request
2025-12-23 14:03:29.530+0000 INFO  Stopping...
2025-12-23 14:06:15.159+0000 INFO  Logging config in use: File '/var/lib/neo4j/conf/user-logs.xml'
2025-12-23 14:06:15.186+0000 INFO  Starting...
2025-12-23 14:06:16.315+0000 INFO  This instance is ServerId{ec443550} (ec443550-4a68-4cc6-b235-189e9ae8abde)
2025-12-23 14:06:17.848+0000 INFO  ======== Neo4j 5.26.18 ========
2025-12-23 14:06:21.789+0000 INFO  Anonymous Usage Data is being sent to Neo4j, see https://neo4j.com/docs/usage-data/
2025-12-23 14:06:21.895+0000 INFO  Bolt enabled on 0.0.0.0:7687.
2025-12-23 14:06:23.000+0000 INFO  HTTP enabled on 0.0.0.0:7474.
2025-12-23 14:06:23.001+0000 INFO  Remote interface available at http://localhost:7474/
2025-12-23 14:06:23.008+0000 INFO  id: 9F87E89A496C640F4BCF6814CC29A2C4896FB0FE292BAC74F89E9EE0B858FC67
2025-12-23 14:06:23.009+0000 INFO  name: system
2025-12-23 14:06:23.010+0000 INFO  creationDate: 2025-05-06T08:56:11.852Z
2025-12-23 14:06:23.011+0000 INFO  Started.
2025-12-23 14:40:31.732+0000 INFO  Neo4j Server shutdown initiated by request
2025-12-23 14:40:31.744+0000 INFO  Stopping...
2025-12-23 15:47:15.601+0000 INFO  Logging config in use: File '/var/lib/neo4j/conf/user-logs.xml'
2025-12-23 15:47:15.630+0000 INFO  Starting...
2025-12-23 15:47:16.839+0000 INFO  This instance is ServerId{ec443550} (ec443550-4a68-4cc6-b235-189e9ae8abde)
2025-12-23 15:47:18.462+0000 INFO  ======== Neo4j 5.26.18 ========
2025-12-23 15:47:24.048+0000 INFO  Anonymous Usage Data is being sent to Neo4j, see https://neo4j.com/docs/usage-data/
2025-12-23 15:47:24.138+0000 INFO  Bolt enabled on 0.0.0.0:7687.
2025-12-23 15:47:26.112+0000 INFO  HTTP enabled on 0.0.0.0:7474.
2025-12-23 15:47:26.113+0000 INFO  Remote interface available at http://localhost:7474/
2025-12-23 15:47:26.117+0000 INFO  id: 9F87E89A496C640F4BCF6814CC29A2C4896FB0FE292BAC74F89E9EE0B858FC67
2025-12-23 15:47:26.118+0000 INFO  name: system
2025-12-23 15:47:26.119+0000 INFO  creationDate: 2025-05-06T08:56:11.852Z
2025-12-23 15:47:26.119+0000 INFO  Started.
2025-12-23 15:49:14.508+0000 INFO  Neo4j Server shutdown initiated by request
2025-12-23 15:49:14.511+0000 INFO  Stopping...
2025-12-23 15:50:57.096+0000 INFO  Logging config in use: File '/var/lib/neo4j/conf/user-logs.xml'
2025-12-23 15:50:57.122+0000 INFO  Starting...
2025-12-23 15:50:58.029+0000 INFO  This instance is ServerId{ec443550} (ec443550-4a68-4cc6-b235-189e9ae8abde)
2025-12-23 15:50:59.197+0000 INFO  ======== Neo4j 5.26.18 ========
2025-12-23 15:51:07.402+0000 INFO  Anonymous Usage Data is being sent to Neo4j, see https://neo4j.com/docs/usage-data/
2025-12-23 15:51:07.541+0000 INFO  Bolt enabled on 0.0.0.0:7687.
2025-12-23 15:51:09.920+0000 INFO  HTTP enabled on 0.0.0.0:7474.
2025-12-23 15:51:09.922+0000 INFO  Remote interface available at http://localhost:7474/
2025-12-23 15:51:09.927+0000 INFO  id: 9F87E89A496C640F4BCF6814CC29A2C4896FB0FE292BAC74F89E9EE0B858FC67
2025-12-23 15:51:09.928+0000 INFO  name: system
2025-12-23 15:51:09.929+0000 INFO  creationDate: 2025-05-06T08:56:11.852Z
2025-12-23 15:51:09.930+0000 INFO  Started.
2025-12-23 15:56:30.180+0000 INFO  Neo4j Server shutdown initiated by request
2025-12-23 15:56:30.182+0000 INFO  Stopping...
2025-12-23 15:58:50.758+0000 INFO  Logging config in use: File '/var/lib/neo4j/conf/user-logs.xml'
2025-12-23 15:58:50.778+0000 INFO  Starting...
2025-12-23 15:58:51.884+0000 INFO  This instance is ServerId{ec443550} (ec443550-4a68-4cc6-b235-189e9ae8abde)
2025-12-23 15:58:53.542+0000 INFO  ======== Neo4j 5.26.18 ========
2025-12-23 15:59:00.576+0000 INFO  Anonymous Usage Data is being sent to Neo4j, see https://neo4j.com/docs/usage-data/
2025-12-23 15:59:00.673+0000 INFO  Bolt enabled on 0.0.0.0:7687.
2025-12-23 15:59:01.654+0000 INFO  HTTP enabled on 0.0.0.0:7474.
2025-12-23 15:59:01.656+0000 INFO  Remote interface available at http://localhost:7474/
2025-12-23 15:59:01.660+0000 INFO  id: 9F87E89A496C640F4BCF6814CC29A2C4896FB0FE292BAC74F89E9EE0B858FC67
2025-12-23 15:59:01.662+0000 INFO  name: system
2025-12-23 15:59:01.662+0000 INFO  creationDate: 2025-05-06T08:56:11.852Z
2025-12-23 15:59:01.663+0000 INFO  Started.
2025-12-23 16:07:25.099+0000 INFO  Neo4j Server shutdown initiated by request
2025-12-23 16:07:25.100+0000 INFO  Stopping...
2025-12-23 16:07:37.740+0000 INFO  Logging config in use: File '/var/lib/neo4j/conf/user-logs.xml'
2025-12-23 16:07:37.767+0000 INFO  Starting...
2025-12-23 16:07:39.050+0000 INFO  This instance is ServerId{ec443550} (ec443550-4a68-4cc6-b235-189e9ae8abde)
2025-12-23 16:07:40.516+0000 INFO  ======== Neo4j 5.26.18 ========
2025-12-23 16:07:45.473+0000 INFO  Anonymous Usage Data is being sent to Neo4j, see https://neo4j.com/docs/usage-data/
2025-12-23 16:07:45.525+0000 INFO  Bolt enabled on 0.0.0.0:7687.
2025-12-23 16:07:46.376+0000 INFO  HTTP enabled on 0.0.0.0:7474.
2025-12-23 16:07:46.378+0000 INFO  Remote interface available at http://localhost:7474/
2025-12-23 16:07:46.382+0000 INFO  id: 9F87E89A496C640F4BCF6814CC29A2C4896FB0FE292BAC74F89E9EE0B858FC67
2025-12-23 16:07:46.383+0000 INFO  name: system
2025-12-23 16:07:46.384+0000 INFO  creationDate: 2025-05-06T08:56:11.852Z
2025-12-23 16:07:46.385+0000 INFO  Started.
2025-12-23 16:18:14.126+0000 INFO  Neo4j Server shutdown initiated by request
2025-12-23 16:18:14.127+0000 INFO  Stopping...
2025-12-23 16:18:27.580+0000 INFO  Logging config in use: File '/var/lib/neo4j/conf/user-logs.xml'
2025-12-23 16:18:27.603+0000 INFO  Starting...
2025-12-23 16:18:29.231+0000 INFO  This instance is ServerId{ec443550} (ec443550-4a68-4cc6-b235-189e9ae8abde)
2025-12-23 16:18:30.708+0000 INFO  ======== Neo4j 5.26.18 ========
2025-12-23 16:18:35.043+0000 INFO  Anonymous Usage Data is being sent to Neo4j, see https://neo4j.com/docs/usage-data/
2025-12-23 16:18:35.129+0000 INFO  Bolt enabled on 0.0.0.0:7687.
2025-12-23 16:18:36.091+0000 INFO  HTTP enabled on 0.0.0.0:7474.
2025-12-23 16:18:36.092+0000 INFO  Remote interface available at http://localhost:7474/
2025-12-23 16:18:36.096+0000 INFO  id: 9F87E89A496C640F4BCF6814CC29A2C4896FB0FE292BAC74F89E9EE0B858FC67
2025-12-23 16:18:36.097+0000 INFO  name: system
2025-12-23 16:18:36.099+0000 INFO  creationDate: 2025-05-06T08:56:11.852Z
2025-12-23 16:18:36.100+0000 INFO  Started.
2025-12-23 16:22:56.312+0000 INFO  Neo4j Server shutdown initiated by request
2025-12-23 16:22:56.314+0000 INFO  Stopping...
2025-12-23 16:23:08.634+0000 INFO  Logging config in use: File '/var/lib/neo4j/conf/user-logs.xml'
2025-12-23 16:23:08.668+0000 INFO  Starting...
2025-12-23 16:23:09.856+0000 INFO  This instance is ServerId{ec443550} (ec443550-4a68-4cc6-b235-189e9ae8abde)
2025-12-23 16:23:11.232+0000 INFO  ======== Neo4j 5.26.18 ========
2025-12-23 16:23:15.283+0000 INFO  Anonymous Usage Data is being sent to Neo4j, see https://neo4j.com/docs/usage-data/
2025-12-23 16:23:15.334+0000 INFO  Bolt enabled on 0.0.0.0:7687.
2025-12-23 16:23:16.434+0000 INFO  HTTP enabled on 0.0.0.0:7474.
2025-12-23 16:23:16.436+0000 INFO  Remote interface available at http://localhost:7474/
2025-12-23 16:23:16.440+0000 INFO  id: 9F87E89A496C640F4BCF6814CC29A2C4896FB0FE292BAC74F89E9EE0B858FC67
2025-12-23 16:23:16.442+0000 INFO  name: system
2025-12-23 16:23:16.442+0000 INFO  creationDate: 2025-05-06T08:56:11.852Z
2025-12-23 16:23:16.443+0000 INFO  Started.
2025-12-23 16:27:32.886+0000 INFO  Neo4j Server shutdown initiated by request
2025-12-23 16:27:32.889+0000 INFO  Stopping...
2025-12-23 16:27:44.643+0000 INFO  Logging config in use: File '/var/lib/neo4j/conf/user-logs.xml'
2025-12-23 16:27:44.682+0000 INFO  Starting...
2025-12-23 16:27:45.765+0000 INFO  This instance is ServerId{ec443550} (ec443550-4a68-4cc6-b235-189e9ae8abde)
2025-12-23 16:27:47.149+0000 INFO  ======== Neo4j 5.26.18 ========
2025-12-23 16:27:50.747+0000 INFO  Anonymous Usage Data is being sent to Neo4j, see https://neo4j.com/docs/usage-data/
2025-12-23 16:27:50.801+0000 INFO  Bolt enabled on 0.0.0.0:7687.
2025-12-23 16:27:51.718+0000 INFO  HTTP enabled on 0.0.0.0:7474.
2025-12-23 16:27:51.720+0000 INFO  Remote interface available at http://localhost:7474/
2025-12-23 16:27:51.723+0000 INFO  id: 9F87E89A496C640F4BCF6814CC29A2C4896FB0FE292BAC74F89E9EE0B858FC67
2025-12-23 16:27:51.724+0000 INFO  name: system
2025-12-23 16:27:51.725+0000 INFO  creationDate: 2025-05-06T08:56:11.852Z
2025-12-23 16:27:51.726+0000 INFO  Started.
2025-12-23 16:33:37.481+0000 INFO  Neo4j Server shutdown initiated by request
2025-12-23 16:33:37.482+0000 INFO  Stopping...
2025-12-23 16:34:03.035+0000 INFO  Logging config in use: File '/var/lib/neo4j/conf/user-logs.xml'
2025-12-23 16:34:03.062+0000 INFO  Starting...
2025-12-23 16:34:04.326+0000 INFO  This instance is ServerId{ec443550} (ec443550-4a68-4cc6-b235-189e9ae8abde)
2025-12-23 16:34:06.086+0000 INFO  ======== Neo4j 5.26.18 ========
2025-12-23 16:34:10.370+0000 INFO  Anonymous Usage Data is being sent to Neo4j, see https://neo4j.com/docs/usage-data/
2025-12-23 16:34:10.441+0000 INFO  Bolt enabled on 0.0.0.0:7687.
2025-12-23 16:34:11.832+0000 INFO  HTTP enabled on 0.0.0.0:7474.
2025-12-23 16:34:11.835+0000 INFO  Remote interface available at http://localhost:7474/
2025-12-23 16:34:11.840+0000 INFO  id: 9F87E89A496C640F4BCF6814CC29A2C4896FB0FE292BAC74F89E9EE0B858FC67
2025-12-23 16:34:11.841+0000 INFO  name: system
2025-12-23 16:34:11.842+0000 INFO  creationDate: 2025-05-06T08:56:11.852Z
2025-12-23 16:34:11.843+0000 INFO  Started.
2025-12-23 16:35:52.181+0000 INFO  Neo4j Server shutdown initiated by request
2025-12-23 16:35:52.183+0000 INFO  Stopping...
2025-12-23 16:36:05.676+0000 INFO  Logging config in use: File '/var/lib/neo4j/conf/user-logs.xml'
2025-12-23 16:36:05.703+0000 INFO  Starting...
2025-12-23 16:36:07.342+0000 INFO  This instance is ServerId{ec443550} (ec443550-4a68-4cc6-b235-189e9ae8abde)
2025-12-23 16:36:08.826+0000 INFO  ======== Neo4j 5.26.18 ========
2025-12-23 16:36:12.666+0000 INFO  Anonymous Usage Data is being sent to Neo4j, see https://neo4j.com/docs/usage-data/
2025-12-23 16:36:12.741+0000 INFO  Bolt enabled on 0.0.0.0:7687.
2025-12-23 16:36:13.745+0000 INFO  HTTP enabled on 0.0.0.0:7474.
2025-12-23 16:36:13.747+0000 INFO  Remote interface available at http://localhost:7474/
2025-12-23 16:36:13.755+0000 INFO  id: 9F87E89A496C640F4BCF6814CC29A2C4896FB0FE292BAC74F89E9EE0B858FC67
2025-12-23 16:36:13.756+0000 INFO  name: system
2025-12-23 16:36:13.756+0000 INFO  creationDate: 2025-05-06T08:56:11.852Z
2025-12-23 16:36:13.757+0000 INFO  Started.
2025-12-23 17:01:41.922+0000 INFO  Neo4j Server shutdown initiated by request
2025-12-23 17:01:41.956+0000 INFO  Stopping...
2025-12-23 17:02:01.336+0000 INFO  Logging config in use: File '/var/lib/neo4j/conf/user-logs.xml'
2025-12-23 17:02:01.416+0000 INFO  Starting...
2025-12-23 17:02:03.943+0000 INFO  This instance is ServerId{ec443550} (ec443550-4a68-4cc6-b235-189e9ae8abde)
2025-12-23 17:02:07.880+0000 INFO  ======== Neo4j 5.26.18 ========
2025-12-23 17:02:14.340+0000 INFO  Anonymous Usage Data is being sent to Neo4j, see https://neo4j.com/docs/usage-data/
2025-12-23 17:02:14.425+0000 INFO  Bolt enabled on 0.0.0.0:7687.
2025-12-23 17:02:18.269+0000 INFO  HTTP enabled on 0.0.0.0:7474.
2025-12-23 17:02:18.271+0000 INFO  Remote interface available at http://localhost:7474/
2025-12-23 17:02:18.279+0000 INFO  id: 9F87E89A496C640F4BCF6814CC29A2C4896FB0FE292BAC74F89E9EE0B858FC67
2025-12-23 17:02:18.280+0000 INFO  name: system
2025-12-23 17:02:18.281+0000 INFO  creationDate: 2025-05-06T08:56:11.852Z
2025-12-23 17:02:18.282+0000 INFO  Started.
2025-12-23 17:21:21.910+0000 INFO  Neo4j Server shutdown initiated by request
2025-12-23 17:21:21.914+0000 INFO  Stopping...
2025-12-23 17:23:44.214+0000 INFO  Logging config in use: File '/var/lib/neo4j/conf/user-logs.xml'
2025-12-23 17:23:44.239+0000 INFO  Starting...
2025-12-23 17:23:45.315+0000 INFO  This instance is ServerId{ec443550} (ec443550-4a68-4cc6-b235-189e9ae8abde)
2025-12-23 17:23:47.358+0000 INFO  ======== Neo4j 5.26.18 ========
2025-12-23 17:23:53.053+0000 INFO  Anonymous Usage Data is being sent to Neo4j, see https://neo4j.com/docs/usage-data/
2025-12-23 17:23:53.140+0000 INFO  Bolt enabled on 0.0.0.0:7687.
2025-12-23 17:23:54.869+0000 INFO  HTTP enabled on 0.0.0.0:7474.
2025-12-23 17:23:54.871+0000 INFO  Remote interface available at http://localhost:7474/
2025-12-23 17:23:54.875+0000 INFO  id: 9F87E89A496C640F4BCF6814CC29A2C4896FB0FE292BAC74F89E9EE0B858FC67
2025-12-23 17:23:54.876+0000 INFO  name: system
2025-12-23 17:23:54.877+0000 INFO  creationDate: 2025-05-06T08:56:11.852Z
2025-12-23 17:23:54.878+0000 INFO  Started.
2025-12-23 17:43:17.605+0000 INFO  Neo4j Server shutdown initiated by request
2025-12-23 17:43:17.610+0000 INFO  Stopping...
2025-12-23 17:47:39.195+0000 INFO  Logging config in use: File '/var/lib/neo4j/conf/user-logs.xml'
2025-12-23 17:47:39.224+0000 INFO  Starting...
2025-12-23 17:47:42.390+0000 INFO  This instance is ServerId{ec443550} (ec443550-4a68-4cc6-b235-189e9ae8abde)
2025-12-23 17:47:44.473+0000 INFO  ======== Neo4j 5.26.18 ========
2025-12-23 17:47:49.036+0000 INFO  Anonymous Usage Data is being sent to Neo4j, see https://neo4j.com/docs/usage-data/
2025-12-23 17:47:52.029+0000 INFO  Bolt enabled on 0.0.0.0:7687.
2025-12-23 17:47:53.429+0000 INFO  HTTP enabled on 0.0.0.0:7474.
2025-12-23 17:47:53.431+0000 INFO  Remote interface available at http://localhost:7474/
2025-12-23 17:47:53.436+0000 INFO  id: 9F87E89A496C640F4BCF6814CC29A2C4896FB0FE292BAC74F89E9EE0B858FC67
2025-12-23 17:47:53.437+0000 INFO  name: system
2025-12-23 17:47:53.438+0000 INFO  creationDate: 2025-05-06T08:56:11.852Z
2025-12-23 17:47:53.440+0000 INFO  Started.
2025-12-23 17:58:56.744+0000 INFO  Neo4j Server shutdown initiated by request
2025-12-23 17:58:56.752+0000 INFO  Stopping...
2025-12-23 17:59:40.309+0000 INFO  Logging config in use: File '/var/lib/neo4j/conf/user-logs.xml'
2025-12-23 17:59:40.350+0000 INFO  Starting...
2025-12-23 17:59:41.718+0000 INFO  This instance is ServerId{ec443550} (ec443550-4a68-4cc6-b235-189e9ae8abde)
2025-12-23 17:59:43.191+0000 INFO  ======== Neo4j 5.26.18 ========
2025-12-23 17:59:49.370+0000 INFO  Anonymous Usage Data is being sent to Neo4j, see https://neo4j.com/docs/usage-data/
2025-12-23 17:59:49.419+0000 INFO  Bolt enabled on 0.0.0.0:7687.
2025-12-23 17:59:50.483+0000 INFO  HTTP enabled on 0.0.0.0:7474.
2025-12-23 17:59:50.484+0000 INFO  Remote interface available at http://localhost:7474/
2025-12-23 17:59:50.488+0000 INFO  id: 9F87E89A496C640F4BCF6814CC29A2C4896FB0FE292BAC74F89E9EE0B858FC67
2025-12-23 17:59:50.489+0000 INFO  name: system
2025-12-23 17:59:50.490+0000 INFO  creationDate: 2025-05-06T08:56:11.852Z
2025-12-23 17:59:50.491+0000 INFO  Started.
2025-12-23 18:01:48.542+0000 INFO  Neo4j Server shutdown initiated by request
2025-12-23 18:01:48.547+0000 INFO  Stopping...
2025-12-23 18:02:23.875+0000 INFO  Logging config in use: File '/var/lib/neo4j/conf/user-logs.xml'
2025-12-23 18:02:23.912+0000 INFO  Starting...
2025-12-23 18:02:25.277+0000 INFO  This instance is ServerId{ec443550} (ec443550-4a68-4cc6-b235-189e9ae8abde)
2025-12-23 18:02:26.819+0000 INFO  ======== Neo4j 5.26.18 ========
2025-12-23 18:02:31.548+0000 INFO  Anonymous Usage Data is being sent to Neo4j, see https://neo4j.com/docs/usage-data/
2025-12-23 18:02:31.612+0000 INFO  Bolt enabled on 0.0.0.0:7687.
2025-12-23 18:02:32.701+0000 INFO  HTTP enabled on 0.0.0.0:7474.
2025-12-23 18:02:32.703+0000 INFO  Remote interface available at http://localhost:7474/
2025-12-23 18:02:32.707+0000 INFO  id: 9F87E89A496C640F4BCF6814CC29A2C4896FB0FE292BAC74F89E9EE0B858FC67
2025-12-23 18:02:32.709+0000 INFO  name: system
2025-12-23 18:02:32.709+0000 INFO  creationDate: 2025-05-06T08:56:11.852Z
2025-12-23 18:02:32.710+0000 INFO  Started.
2025-12-23 18:11:26.490+0000 INFO  Neo4j Server shutdown initiated by request
2025-12-23 18:11:26.506+0000 INFO  Stopping...
2025-12-23 18:11:49.279+0000 INFO  Logging config in use: File '/var/lib/neo4j/conf/user-logs.xml'
2025-12-23 18:11:49.305+0000 INFO  Starting...
2025-12-23 18:11:50.455+0000 INFO  This instance is ServerId{ec443550} (ec443550-4a68-4cc6-b235-189e9ae8abde)
2025-12-23 18:11:51.901+0000 INFO  ======== Neo4j 5.26.18 ========
2025-12-23 18:11:56.867+0000 INFO  Anonymous Usage Data is being sent to Neo4j, see https://neo4j.com/docs/usage-data/
2025-12-23 18:11:56.917+0000 INFO  Bolt enabled on 0.0.0.0:7687.
2025-12-23 18:11:57.817+0000 INFO  HTTP enabled on 0.0.0.0:7474.
2025-12-23 18:11:57.818+0000 INFO  Remote interface available at http://localhost:7474/
2025-12-23 18:11:57.823+0000 INFO  id: 9F87E89A496C640F4BCF6814CC29A2C4896FB0FE292BAC74F89E9EE0B858FC67
2025-12-23 18:11:57.824+0000 INFO  name: system
2025-12-23 18:11:57.825+0000 INFO  creationDate: 2025-05-06T08:56:11.852Z
2025-12-23 18:11:57.826+0000 INFO  Started.
2025-12-23 18:26:46.479+0000 INFO  Neo4j Server shutdown initiated by request
2025-12-23 18:26:46.485+0000 INFO  Stopping...
2025-12-23 18:27:03.646+0000 INFO  Logging config in use: File '/var/lib/neo4j/conf/user-logs.xml'
2025-12-23 18:27:03.666+0000 INFO  Starting...
2025-12-23 18:27:05.011+0000 INFO  This instance is ServerId{ec443550} (ec443550-4a68-4cc6-b235-189e9ae8abde)
2025-12-23 18:27:06.757+0000 INFO  ======== Neo4j 5.26.18 ========
2025-12-23 18:27:11.011+0000 INFO  Anonymous Usage Data is being sent to Neo4j, see https://neo4j.com/docs/usage-data/
2025-12-23 18:27:11.142+0000 INFO  Bolt enabled on 0.0.0.0:7687.
2025-12-23 18:27:12.787+0000 INFO  HTTP enabled on 0.0.0.0:7474.
2025-12-23 18:27:12.789+0000 INFO  Remote interface available at http://localhost:7474/
2025-12-23 18:27:12.796+0000 INFO  id: 9F87E89A496C640F4BCF6814CC29A2C4896FB0FE292BAC74F89E9EE0B858FC67
2025-12-23 18:27:12.797+0000 INFO  name: system
2025-12-23 18:27:12.803+0000 INFO  creationDate: 2025-05-06T08:56:11.852Z
2025-12-23 18:27:12.805+0000 INFO  Started.
2025-12-23 19:15:06.388+0000 INFO  Neo4j Server shutdown initiated by request
2025-12-23 19:15:06.397+0000 INFO  Stopping...
2025-12-23 19:15:43.428+0000 INFO  Logging config in use: File '/var/lib/neo4j/conf/user-logs.xml'
2025-12-23 19:15:43.472+0000 INFO  Starting...
2025-12-23 19:15:45.344+0000 INFO  This instance is ServerId{ec443550} (ec443550-4a68-4cc6-b235-189e9ae8abde)
2025-12-23 19:15:47.537+0000 INFO  ======== Neo4j 5.26.18 ========
2025-12-23 19:15:52.924+0000 INFO  Anonymous Usage Data is being sent to Neo4j, see https://neo4j.com/docs/usage-data/
2025-12-23 19:15:53.004+0000 INFO  Bolt enabled on 0.0.0.0:7687.
2025-12-23 19:15:54.994+0000 INFO  HTTP enabled on 0.0.0.0:7474.
2025-12-23 19:15:54.997+0000 INFO  Remote interface available at http://localhost:7474/
2025-12-23 19:15:55.008+0000 INFO  id: 9F87E89A496C640F4BCF6814CC29A2C4896FB0FE292BAC74F89E9EE0B858FC67
2025-12-23 19:15:55.009+0000 INFO  name: system
2025-12-23 19:15:55.010+0000 INFO  creationDate: 2025-05-06T08:56:11.852Z
2025-12-23 19:15:55.012+0000 INFO  Started.
2025-12-23 19:56:16.868+0000 INFO  Neo4j Server shutdown initiated by request
2025-12-23 19:56:16.892+0000 INFO  Stopping...
2025-12-23 19:56:37.140+0000 INFO  Logging config in use: File '/var/lib/neo4j/conf/user-logs.xml'
2025-12-23 19:56:37.182+0000 INFO  Starting...
2025-12-23 19:56:38.765+0000 INFO  This instance is ServerId{ec443550} (ec443550-4a68-4cc6-b235-189e9ae8abde)
2025-12-23 19:56:40.420+0000 INFO  ======== Neo4j 5.26.18 ========
2025-12-23 19:56:46.857+0000 INFO  Anonymous Usage Data is being sent to Neo4j, see https://neo4j.com/docs/usage-data/
2025-12-23 19:56:46.932+0000 INFO  Bolt enabled on 0.0.0.0:7687.
2025-12-23 19:56:48.168+0000 INFO  HTTP enabled on 0.0.0.0:7474.
2025-12-23 19:56:48.170+0000 INFO  Remote interface available at http://localhost:7474/
2025-12-23 19:56:48.175+0000 INFO  id: 9F87E89A496C640F4BCF6814CC29A2C4896FB0FE292BAC74F89E9EE0B858FC67
2025-12-23 19:56:48.176+0000 INFO  name: system
2025-12-23 19:56:48.177+0000 INFO  creationDate: 2025-05-06T08:56:11.852Z
2025-12-23 19:56:48.178+0000 INFO  Started.
2025-12-23 21:16:34.444+0000 INFO  Neo4j Server shutdown initiated by request
2025-12-23 21:16:34.500+0000 INFO  Stopping...
2025-12-23 21:17:21.216+0000 INFO  Logging config in use: File '/var/lib/neo4j/conf/user-logs.xml'
2025-12-23 21:17:21.251+0000 INFO  Starting...
2025-12-23 21:17:22.947+0000 INFO  This instance is ServerId{ec443550} (ec443550-4a68-4cc6-b235-189e9ae8abde)
2025-12-23 21:17:25.629+0000 INFO  ======== Neo4j 5.26.18 ========
2025-12-23 21:17:32.417+0000 INFO  Anonymous Usage Data is being sent to Neo4j, see https://neo4j.com/docs/usage-data/
2025-12-23 21:17:32.495+0000 INFO  Bolt enabled on 0.0.0.0:7687.
2025-12-23 21:17:34.055+0000 INFO  HTTP enabled on 0.0.0.0:7474.
2025-12-23 21:17:34.059+0000 INFO  Remote interface available at http://localhost:7474/
2025-12-23 21:17:34.066+0000 INFO  id: 9F87E89A496C640F4BCF6814CC29A2C4896FB0FE292BAC74F89E9EE0B858FC67
2025-12-23 21:17:34.068+0000 INFO  name: system
2025-12-23 21:17:34.069+0000 INFO  creationDate: 2025-05-06T08:56:11.852Z
2025-12-23 21:17:34.070+0000 INFO  Started.
2025-12-23 22:10:59.841+0000 INFO  Neo4j Server shutdown initiated by request
2025-12-23 22:10:59.882+0000 INFO  Stopping...
2025-12-23 22:12:07.231+0000 INFO  Logging config in use: File '/var/lib/neo4j/conf/user-logs.xml'
2025-12-23 22:12:07.255+0000 INFO  Starting...
2025-12-23 22:12:08.688+0000 INFO  This instance is ServerId{ec443550} (ec443550-4a68-4cc6-b235-189e9ae8abde)
2025-12-23 22:12:11.444+0000 INFO  ======== Neo4j 5.26.18 ========
2025-12-23 22:12:17.893+0000 INFO  Anonymous Usage Data is being sent to Neo4j, see https://neo4j.com/docs/usage-data/
2025-12-23 22:12:17.966+0000 INFO  Bolt enabled on 0.0.0.0:7687.
2025-12-23 22:12:20.108+0000 INFO  HTTP enabled on 0.0.0.0:7474.
2025-12-23 22:12:20.111+0000 INFO  Remote interface available at http://localhost:7474/
2025-12-23 22:12:20.123+0000 INFO  id: 9F87E89A496C640F4BCF6814CC29A2C4896FB0FE292BAC74F89E9EE0B858FC67
2025-12-23 22:12:20.126+0000 INFO  name: system
2025-12-23 22:12:20.127+0000 INFO  creationDate: 2025-05-06T08:56:11.852Z
2025-12-23 22:12:20.129+0000 INFO  Started.
2025-12-23 22:38:34.022+0000 INFO  Neo4j Server shutdown initiated by request
2025-12-23 22:38:34.036+0000 INFO  Stopping...
2025-12-23 22:38:54.114+0000 INFO  Logging config in use: File '/var/lib/neo4j/conf/user-logs.xml'
2025-12-23 22:38:54.145+0000 INFO  Starting...
2025-12-23 22:38:55.474+0000 INFO  This instance is ServerId{ec443550} (ec443550-4a68-4cc6-b235-189e9ae8abde)
2025-12-23 22:38:57.320+0000 INFO  ======== Neo4j 5.26.18 ========
2025-12-23 22:39:03.458+0000 INFO  Anonymous Usage Data is being sent to Neo4j, see https://neo4j.com/docs/usage-data/
2025-12-23 22:39:03.540+0000 INFO  Bolt enabled on 0.0.0.0:7687.
2025-12-23 22:39:04.976+0000 INFO  HTTP enabled on 0.0.0.0:7474.
2025-12-23 22:39:04.978+0000 INFO  Remote interface available at http://localhost:7474/
2025-12-23 22:39:04.983+0000 INFO  id: 9F87E89A496C640F4BCF6814CC29A2C4896FB0FE292BAC74F89E9EE0B858FC67
2025-12-23 22:39:04.985+0000 INFO  name: system
2025-12-23 22:39:04.986+0000 INFO  creationDate: 2025-05-06T08:56:11.852Z
2025-12-23 22:39:04.987+0000 INFO  Started.
2025-12-23 23:07:23.153+0000 INFO  Neo4j Server shutdown initiated by request
2025-12-23 23:07:23.171+0000 INFO  Stopping...
2025-12-23 23:10:13.842+0000 INFO  Logging config in use: File '/var/lib/neo4j/conf/user-logs.xml'
2025-12-23 23:10:13.886+0000 INFO  Starting...
2025-12-23 23:10:15.272+0000 INFO  This instance is ServerId{ec443550} (ec443550-4a68-4cc6-b235-189e9ae8abde)
2025-12-23 23:10:17.064+0000 INFO  ======== Neo4j 5.26.18 ========
2025-12-23 23:10:23.654+0000 INFO  Anonymous Usage Data is being sent to Neo4j, see https://neo4j.com/docs/usage-data/
2025-12-23 23:10:23.802+0000 INFO  Bolt enabled on 0.0.0.0:7687.
2025-12-23 23:10:25.504+0000 INFO  HTTP enabled on 0.0.0.0:7474.
2025-12-23 23:10:25.507+0000 INFO  Remote interface available at http://localhost:7474/
2025-12-23 23:10:25.515+0000 INFO  id: 9F87E89A496C640F4BCF6814CC29A2C4896FB0FE292BAC74F89E9EE0B858FC67
2025-12-23 23:10:25.516+0000 INFO  name: system
2025-12-23 23:10:25.517+0000 INFO  creationDate: 2025-05-06T08:56:11.852Z
2025-12-23 23:10:25.518+0000 INFO  Started.
2025-12-24 01:12:31.250+0000 INFO  Neo4j Server shutdown initiated by request
2025-12-24 01:12:31.303+0000 INFO  Stopping...
2025-12-24 01:13:01.840+0000 INFO  Logging config in use: File '/var/lib/neo4j/conf/user-logs.xml'
2025-12-24 01:13:01.960+0000 INFO  Starting...
2025-12-24 01:13:04.502+0000 INFO  This instance is ServerId{ec443550} (ec443550-4a68-4cc6-b235-189e9ae8abde)
2025-12-24 01:13:07.171+0000 INFO  ======== Neo4j 5.26.18 ========
2025-12-24 01:13:13.060+0000 INFO  Anonymous Usage Data is being sent to Neo4j, see https://neo4j.com/docs/usage-data/
2025-12-24 01:13:13.224+0000 INFO  Bolt enabled on 0.0.0.0:7687.
2025-12-24 01:13:15.123+0000 INFO  HTTP enabled on 0.0.0.0:7474.
2025-12-24 01:13:15.125+0000 INFO  Remote interface available at http://localhost:7474/
2025-12-24 01:13:15.150+0000 INFO  id: 9F87E89A496C640F4BCF6814CC29A2C4896FB0FE292BAC74F89E9EE0B858FC67
2025-12-24 01:13:15.151+0000 INFO  name: system
2025-12-24 01:13:15.152+0000 INFO  creationDate: 2025-05-06T08:56:11.852Z
2025-12-24 01:13:15.153+0000 INFO  Started.
2025-12-24 01:41:35.598+0000 INFO  Neo4j Server shutdown initiated by request
2025-12-24 01:41:35.613+0000 INFO  Stopping...
2025-12-24 01:41:52.633+0000 INFO  Logging config in use: File '/var/lib/neo4j/conf/user-logs.xml'
2025-12-24 01:41:52.668+0000 INFO  Starting...
2025-12-24 01:41:53.756+0000 INFO  This instance is ServerId{ec443550} (ec443550-4a68-4cc6-b235-189e9ae8abde)
2025-12-24 01:41:56.041+0000 INFO  ======== Neo4j 5.26.18 ========
2025-12-24 01:42:02.928+0000 INFO  Anonymous Usage Data is being sent to Neo4j, see https://neo4j.com/docs/usage-data/
2025-12-24 01:42:03.001+0000 INFO  Bolt enabled on 0.0.0.0:7687.
2025-12-24 01:42:04.408+0000 INFO  HTTP enabled on 0.0.0.0:7474.
2025-12-24 01:42:04.409+0000 INFO  Remote interface available at http://localhost:7474/
2025-12-24 01:42:04.414+0000 INFO  id: 9F87E89A496C640F4BCF6814CC29A2C4896FB0FE292BAC74F89E9EE0B858FC67
2025-12-24 01:42:04.415+0000 INFO  name: system
2025-12-24 01:42:04.416+0000 INFO  creationDate: 2025-05-06T08:56:11.852Z
2025-12-24 01:42:04.417+0000 INFO  Started.
2025-12-24 02:11:13.399+0000 INFO  Neo4j Server shutdown initiated by request
2025-12-24 02:11:13.408+0000 INFO  Stopping...
2025-12-24 02:11:28.010+0000 INFO  Logging config in use: File '/var/lib/neo4j/conf/user-logs.xml'
2025-12-24 02:11:28.034+0000 INFO  Starting...
2025-12-24 02:11:29.195+0000 INFO  This instance is ServerId{ec443550} (ec443550-4a68-4cc6-b235-189e9ae8abde)
2025-12-24 02:11:30.689+0000 INFO  ======== Neo4j 5.26.18 ========
2025-12-24 02:11:35.413+0000 INFO  Anonymous Usage Data is being sent to Neo4j, see https://neo4j.com/docs/usage-data/
2025-12-24 02:11:35.504+0000 INFO  Bolt enabled on 0.0.0.0:7687.
2025-12-24 02:11:36.588+0000 INFO  HTTP enabled on 0.0.0.0:7474.
2025-12-24 02:11:36.589+0000 INFO  Remote interface available at http://localhost:7474/
2025-12-24 02:11:36.593+0000 INFO  id: 9F87E89A496C640F4BCF6814CC29A2C4896FB0FE292BAC74F89E9EE0B858FC67
2025-12-24 02:11:36.595+0000 INFO  name: system
2025-12-24 02:11:36.595+0000 INFO  creationDate: 2025-05-06T08:56:11.852Z
2025-12-24 02:11:36.597+0000 INFO  Started.
2025-12-24 02:44:55.761+0000 INFO  Neo4j Server shutdown initiated by request
2025-12-24 02:44:55.767+0000 INFO  Stopping...
2026-01-14 14:36:25.990+0000 INFO  Logging config in use: File '/var/lib/neo4j/conf/user-logs.xml'
2026-01-14 14:36:26.009+0000 INFO  Starting...
2026-01-14 14:36:27.215+0000 INFO  This instance is ServerId{ec443550} (ec443550-4a68-4cc6-b235-189e9ae8abde)
2026-01-14 14:36:28.456+0000 INFO  ======== Neo4j 5.26.19 ========
2026-01-14 14:36:33.700+0000 INFO  Anonymous Usage Data is being sent to Neo4j, see https://neo4j.com/docs/usage-data/
2026-01-14 14:36:33.759+0000 INFO  Bolt enabled on 0.0.0.0:7687.
2026-01-14 14:36:34.679+0000 INFO  HTTP enabled on 0.0.0.0:7474.
2026-01-14 14:36:34.681+0000 INFO  Remote interface available at http://localhost:7474/
2026-01-14 14:36:34.687+0000 INFO  id: 9F87E89A496C640F4BCF6814CC29A2C4896FB0FE292BAC74F89E9EE0B858FC67
2026-01-14 14:36:34.689+0000 INFO  name: system
2026-01-14 14:36:34.690+0000 INFO  creationDate: 2025-05-06T08:56:11.852Z
2026-01-14 14:36:34.692+0000 INFO  Started.
2026-01-14 14:40:32.251+0000 INFO  Neo4j Server shutdown initiated by request
2026-01-14 14:40:32.254+0000 INFO  Stopping...
2026-01-14 14:40:44.715+0000 INFO  Logging config in use: File '/var/lib/neo4j/conf/user-logs.xml'
2026-01-14 14:40:44.745+0000 INFO  Starting...
2026-01-14 14:40:46.610+0000 INFO  This instance is ServerId{ec443550} (ec443550-4a68-4cc6-b235-189e9ae8abde)
2026-01-14 14:40:49.017+0000 INFO  ======== Neo4j 5.26.19 ========
2026-01-14 14:40:55.138+0000 INFO  Anonymous Usage Data is being sent to Neo4j, see https://neo4j.com/docs/usage-data/
2026-01-14 14:40:55.232+0000 INFO  Bolt enabled on 0.0.0.0:7687.
2026-01-14 14:40:57.205+0000 INFO  HTTP enabled on 0.0.0.0:7474.
2026-01-14 14:40:57.209+0000 INFO  Remote interface available at http://localhost:7474/
2026-01-14 14:40:57.222+0000 INFO  id: 9F87E89A496C640F4BCF6814CC29A2C4896FB0FE292BAC74F89E9EE0B858FC67
2026-01-14 14:40:57.224+0000 INFO  name: system
2026-01-14 14:40:57.226+0000 INFO  creationDate: 2025-05-06T08:56:11.852Z
2026-01-14 14:40:57.228+0000 INFO  Started.
2026-01-15 09:55:41.908+0000 INFO  Logging config in use: File '/var/lib/neo4j/conf/user-logs.xml'
2026-01-15 09:55:42.074+0000 INFO  Starting...
2026-01-15 09:55:45.590+0000 INFO  This instance is ServerId{ec443550} (ec443550-4a68-4cc6-b235-189e9ae8abde)
2026-01-15 09:55:49.656+0000 INFO  ======== Neo4j 5.26.19 ========
2026-01-15 09:56:02.020+0000 INFO  Anonymous Usage Data is being sent to Neo4j, see https://neo4j.com/docs/usage-data/
2026-01-15 09:56:02.125+0000 INFO  Bolt enabled on 0.0.0.0:7687.
2026-01-15 09:56:04.259+0000 INFO  HTTP enabled on 0.0.0.0:7474.
2026-01-15 09:56:04.264+0000 INFO  Remote interface available at http://localhost:7474/
2026-01-15 09:56:04.278+0000 INFO  id: 9F87E89A496C640F4BCF6814CC29A2C4896FB0FE292BAC74F89E9EE0B858FC67
2026-01-15 09:56:04.283+0000 INFO  name: system
2026-01-15 09:56:04.286+0000 INFO  creationDate: 2025-05-06T08:56:11.852Z
2026-01-15 09:56:04.289+0000 INFO  Started.
2026-01-15 10:59:35.191+0000 INFO  Neo4j Server shutdown initiated by request
2026-01-15 10:59:35.230+0000 INFO  Stopping...
2026-01-15 10:59:53.830+0000 INFO  Logging config in use: File '/var/lib/neo4j/conf/user-logs.xml'
2026-01-15 10:59:53.884+0000 INFO  Starting...
2026-01-15 10:59:56.067+0000 INFO  This instance is ServerId{ec443550} (ec443550-4a68-4cc6-b235-189e9ae8abde)
2026-01-15 11:00:00.397+0000 INFO  ======== Neo4j 5.26.19 ========
2026-01-15 11:00:09.117+0000 INFO  Anonymous Usage Data is being sent to Neo4j, see https://neo4j.com/docs/usage-data/
2026-01-15 11:00:09.238+0000 INFO  Bolt enabled on 0.0.0.0:7687.
2026-01-15 11:00:12.086+0000 INFO  HTTP enabled on 0.0.0.0:7474.
2026-01-15 11:00:12.091+0000 INFO  Remote interface available at http://localhost:7474/
2026-01-15 11:00:12.103+0000 INFO  id: 9F87E89A496C640F4BCF6814CC29A2C4896FB0FE292BAC74F89E9EE0B858FC67
2026-01-15 11:00:12.109+0000 INFO  name: system
2026-01-15 11:00:12.111+0000 INFO  creationDate: 2025-05-06T08:56:11.852Z
2026-01-15 11:00:12.115+0000 INFO  Started.
2026-01-15 14:27:23.964+0000 INFO  Logging config in use: File '/var/lib/neo4j/conf/user-logs.xml'
2026-01-15 14:27:24.060+0000 INFO  Starting...
2026-01-15 14:27:25.688+0000 INFO  This instance is ServerId{ec443550} (ec443550-4a68-4cc6-b235-189e9ae8abde)
2026-01-15 14:27:28.333+0000 INFO  ======== Neo4j 5.26.19 ========
2026-01-15 14:27:35.550+0000 INFO  Anonymous Usage Data is being sent to Neo4j, see https://neo4j.com/docs/usage-data/
2026-01-15 14:27:35.649+0000 INFO  Bolt enabled on 0.0.0.0:7687.
2026-01-15 14:27:39.392+0000 INFO  HTTP enabled on 0.0.0.0:7474.
2026-01-15 14:27:39.394+0000 INFO  Remote interface available at http://localhost:7474/
2026-01-15 14:27:39.401+0000 INFO  id: 9F87E89A496C640F4BCF6814CC29A2C4896FB0FE292BAC74F89E9EE0B858FC67
2026-01-15 14:27:39.403+0000 INFO  name: system
2026-01-15 14:27:39.404+0000 INFO  creationDate: 2025-05-06T08:56:11.852Z
2026-01-15 14:27:39.406+0000 INFO  Started.
2026-01-19 12:07:59.816+0000 INFO  Neo4j Server shutdown initiated by request
2026-01-19 12:07:59.929+0000 INFO  Stopping...
2026-01-19 12:14:19.536+0000 INFO  Logging config in use: File '/var/lib/neo4j/conf/user-logs.xml'
2026-01-19 12:14:19.585+0000 INFO  Starting...
2026-01-19 12:14:21.619+0000 INFO  This instance is ServerId{ec443550} (ec443550-4a68-4cc6-b235-189e9ae8abde)
2026-01-19 12:14:24.802+0000 INFO  ======== Neo4j 5.26.19 ========
2026-01-19 12:14:33.657+0000 INFO  Anonymous Usage Data is being sent to Neo4j, see https://neo4j.com/docs/usage-data/
2026-01-19 12:14:33.740+0000 INFO  Bolt enabled on 0.0.0.0:7687.
2026-01-19 12:14:35.390+0000 INFO  HTTP enabled on 0.0.0.0:7474.
2026-01-19 12:14:35.392+0000 INFO  Remote interface available at http://localhost:7474/
2026-01-19 12:14:35.399+0000 INFO  id: 9F87E89A496C640F4BCF6814CC29A2C4896FB0FE292BAC74F89E9EE0B858FC67
2026-01-19 12:14:35.402+0000 INFO  name: system
2026-01-19 12:14:35.325+0000 INFO  creationDate: 2025-05-06T08:56:11.852Z
2026-01-19 12:14:35.326+0000 INFO  Started.
2026-01-19 14:49:00.645+0000 INFO  Neo4j Server shutdown initiated by request
2026-01-19 14:49:00.712+0000 INFO  Stopping...
2026-01-19 14:50:31.992+0000 INFO  Logging config in use: File '/var/lib/neo4j/conf/user-logs.xml'
2026-01-19 14:50:32.047+0000 INFO  Starting...
2026-01-19 14:50:33.563+0000 INFO  This instance is ServerId{ec443550} (ec443550-4a68-4cc6-b235-189e9ae8abde)
2026-01-19 14:50:35.408+0000 INFO  ======== Neo4j 5.26.19 ========
2026-01-19 14:50:46.221+0000 INFO  Anonymous Usage Data is being sent to Neo4j, see https://neo4j.com/docs/usage-data/
2026-01-19 14:50:46.353+0000 INFO  Bolt enabled on 0.0.0.0:7687.
2026-01-19 14:50:48.900+0000 INFO  HTTP enabled on 0.0.0.0:7474.
2026-01-19 14:50:48.905+0000 INFO  Remote interface available at http://localhost:7474/
2026-01-19 14:50:48.920+0000 INFO  id: 9F87E89A496C640F4BCF6814CC29A2C4896FB0FE292BAC74F89E9EE0B858FC67
2026-01-19 14:50:48.925+0000 INFO  name: system
2026-01-19 14:50:48.928+0000 INFO  creationDate: 2025-05-06T08:56:11.852Z
2026-01-19 14:50:48.932+0000 INFO  Started.
2026-01-19 15:13:18.884+0000 INFO  Neo4j Server shutdown initiated by request
2026-01-19 15:13:18.891+0000 INFO  Stopping...
2026-01-19 15:13:43.414+0000 INFO  Logging config in use: File '/var/lib/neo4j/conf/user-logs.xml'
2026-01-19 15:13:43.449+0000 INFO  Starting...
2026-01-19 15:13:45.014+0000 INFO  This instance is ServerId{ec443550} (ec443550-4a68-4cc6-b235-189e9ae8abde)
2026-01-19 15:13:47.066+0000 INFO  ======== Neo4j 5.26.19 ========
2026-01-19 15:13:52.230+0000 INFO  Anonymous Usage Data is being sent to Neo4j, see https://neo4j.com/docs/usage-data/
2026-01-19 15:13:52.347+0000 INFO  Bolt enabled on 0.0.0.0:7687.
2026-01-19 15:13:54.284+0000 INFO  HTTP enabled on 0.0.0.0:7474.
2026-01-19 15:13:54.292+0000 INFO  Remote interface available at http://localhost:7474/
2026-01-19 15:13:54.309+0000 INFO  id: 9F87E89A496C640F4BCF6814CC29A2C4896FB0FE292BAC74F89E9EE0B858FC67
2026-01-19 15:13:54.311+0000 INFO  name: system
2026-01-19 15:13:54.315+0000 INFO  creationDate: 2025-05-06T08:56:11.852Z
2026-01-19 15:13:54.319+0000 INFO  Started.
2026-01-19 15:15:01.188+0000 INFO  Neo4j Server shutdown initiated by request
2026-01-19 15:15:01.190+0000 INFO  Stopping...
2026-01-19 15:15:36.623+0000 INFO  Logging config in use: File '/var/lib/neo4j/conf/user-logs.xml'
2026-01-19 15:15:36.656+0000 INFO  Starting...
2026-01-19 15:15:38.965+0000 INFO  This instance is ServerId{ec443550} (ec443550-4a68-4cc6-b235-189e9ae8abde)
2026-01-19 15:15:41.626+0000 INFO  ======== Neo4j 5.26.19 ========
2026-01-19 15:15:48.247+0000 INFO  Anonymous Usage Data is being sent to Neo4j, see https://neo4j.com/docs/usage-data/
2026-01-19 15:15:48.335+0000 INFO  Bolt enabled on 0.0.0.0:7687.
2026-01-19 15:15:50.768+0000 INFO  HTTP enabled on 0.0.0.0:7474.
2026-01-19 15:15:50.772+0000 INFO  Remote interface available at http://localhost:7474/
2026-01-19 15:15:50.786+0000 INFO  id: 9F87E89A496C640F4BCF6814CC29A2C4896FB0FE292BAC74F89E9EE0B858FC67
2026-01-19 15:15:50.789+0000 INFO  name: system
2026-01-19 15:15:50.791+0000 INFO  creationDate: 2025-05-06T08:56:11.852Z
2026-01-19 15:15:50.794+0000 INFO  Started.
2026-01-19 15:24:01.326+0000 INFO  Neo4j Server shutdown initiated by request
2026-01-19 15:24:01.329+0000 INFO  Stopping...
2026-01-19 15:24:20.476+0000 INFO  Logging config in use: File '/var/lib/neo4j/conf/user-logs.xml'
2026-01-19 15:24:20.503+0000 INFO  Starting...
2026-01-19 15:24:22.416+0000 INFO  This instance is ServerId{ec443550} (ec443550-4a68-4cc6-b235-189e9ae8abde)
2026-01-19 15:24:24.386+0000 INFO  ======== Neo4j 5.26.19 ========
2026-01-19 15:24:29.707+0000 INFO  Anonymous Usage Data is being sent to Neo4j, see https://neo4j.com/docs/usage-data/
2026-01-19 15:24:29.780+0000 INFO  Bolt enabled on 0.0.0.0:7687.
2026-01-19 15:24:31.209+0000 INFO  HTTP enabled on 0.0.0.0:7474.
2026-01-19 15:24:31.211+0000 INFO  Remote interface available at http://localhost:7474/
2026-01-19 15:24:31.217+0000 INFO  id: 9F87E89A496C640F4BCF6814CC29A2C4896FB0FE292BAC74F89E9EE0B858FC67
2026-01-19 15:24:31.219+0000 INFO  name: system
2026-01-19 15:24:31.220+0000 INFO  creationDate: 2025-05-06T08:56:11.852Z
2026-01-19 15:24:31.222+0000 INFO  Started.
2026-01-19 15:44:34.907+0000 INFO  Neo4j Server shutdown initiated by request
2026-01-19 15:44:34.921+0000 INFO  Stopping...
2026-01-19 15:47:03.574+0000 INFO  Logging config in use: File '/var/lib/neo4j/conf/user-logs.xml'
2026-01-19 15:47:03.616+0000 INFO  Starting...
2026-01-19 15:47:05.002+0000 INFO  This instance is ServerId{ec443550} (ec443550-4a68-4cc6-b235-189e9ae8abde)
2026-01-19 15:47:06.873+0000 INFO  ======== Neo4j 5.26.19 ========
2026-01-19 15:47:11.835+0000 INFO  Anonymous Usage Data is being sent to Neo4j, see https://neo4j.com/docs/usage-data/
2026-01-19 15:47:11.911+0000 INFO  Bolt enabled on 0.0.0.0:7687.
2026-01-19 15:47:13.807+0000 INFO  HTTP enabled on 0.0.0.0:7474.
2026-01-19 15:47:13.810+0000 INFO  Remote interface available at http://localhost:7474/
2026-01-19 15:47:13.820+0000 INFO  id: 9F87E89A496C640F4BCF6814CC29A2C4896FB0FE292BAC74F89E9EE0B858FC67
2026-01-19 15:47:13.822+0000 INFO  name: system
2026-01-19 15:47:13.823+0000 INFO  creationDate: 2025-05-06T08:56:11.852Z
2026-01-19 15:47:13.825+0000 INFO  Started.
2026-01-19 18:59:31.193+0000 INFO  Logging config in use: File '/var/lib/neo4j/conf/user-logs.xml'
2026-01-19 18:59:31.244+0000 INFO  Starting...
2026-01-19 18:59:36.232+0000 INFO  This instance is ServerId{ec443550} (ec443550-4a68-4cc6-b235-189e9ae8abde)
2026-01-19 18:59:42.000+0000 INFO  ======== Neo4j 5.26.19 ========
2026-01-19 18:59:50.313+0000 INFO  Anonymous Usage Data is being sent to Neo4j, see https://neo4j.com/docs/usage-data/
2026-01-19 18:59:50.492+0000 INFO  Bolt enabled on 0.0.0.0:7687.
2026-01-19 18:59:53.008+0000 INFO  HTTP enabled on 0.0.0.0:7474.
2026-01-19 18:59:53.012+0000 INFO  Remote interface available at http://localhost:7474/
2026-01-19 18:59:53.021+0000 INFO  id: 9F87E89A496C640F4BCF6814CC29A2C4896FB0FE292BAC74F89E9EE0B858FC67
2026-01-19 18:59:53.024+0000 INFO  name: system
2026-01-19 18:59:53.026+0000 INFO  creationDate: 2025-05-06T08:56:11.852Z
2026-01-19 18:59:53.029+0000 INFO  Started.
2026-01-19 19:00:18.187+0000 INFO  Neo4j Server shutdown initiated by request
2026-01-19 19:00:18.189+0000 INFO  Stopping...
2026-01-19 19:00:35.381+0000 INFO  Logging config in use: File '/var/lib/neo4j/conf/user-logs.xml'
2026-01-19 19:00:35.416+0000 INFO  Starting...
2026-01-19 19:00:36.757+0000 INFO  This instance is ServerId{ec443550} (ec443550-4a68-4cc6-b235-189e9ae8abde)
2026-01-19 19:00:38.729+0000 INFO  ======== Neo4j 5.26.19 ========
2026-01-19 19:01:01.290+0000 INFO  Anonymous Usage Data is being sent to Neo4j, see https://neo4j.com/docs/usage-data/
2026-01-19 19:01:01.364+0000 INFO  Bolt enabled on 0.0.0.0:7687.
2026-01-19 19:01:02.861+0000 INFO  HTTP enabled on 0.0.0.0:7474.
2026-01-19 19:01:02.863+0000 INFO  Remote interface available at http://localhost:7474/
2026-01-19 19:01:02.870+0000 INFO  id: 9F87E89A496C640F4BCF6814CC29A2C4896FB0FE292BAC74F89E9EE0B858FC67
2026-01-19 19:01:02.871+0000 INFO  name: system
2026-01-19 19:01:02.873+0000 INFO  creationDate: 2025-05-06T08:56:11.852Z
2026-01-19 19:01:02.875+0000 INFO  Started.
2026-01-21 19:48:13.173+0000 INFO  Logging config in use: File '/var/lib/neo4j/conf/user-logs.xml'
2026-01-21 19:48:13.218+0000 INFO  Starting...
2026-01-21 19:48:14.803+0000 INFO  This instance is ServerId{ec443550} (ec443550-4a68-4cc6-b235-189e9ae8abde)
2026-01-21 19:48:17.772+0000 INFO  ======== Neo4j 5.26.19 ========
2026-01-21 19:48:24.755+0000 INFO  Anonymous Usage Data is being sent to Neo4j, see https://neo4j.com/docs/usage-data/
2026-01-21 19:48:24.853+0000 INFO  Bolt enabled on 0.0.0.0:7687.
2026-01-21 19:48:27.652+0000 INFO  HTTP enabled on 0.0.0.0:7474.
2026-01-21 19:48:27.656+0000 INFO  Remote interface available at http://localhost:7474/
2026-01-21 19:48:27.666+0000 INFO  id: 9F87E89A496C640F4BCF6814CC29A2C4896FB0FE292BAC74F89E9EE0B858FC67
2026-01-21 19:48:27.669+0000 INFO  name: system
2026-01-21 19:48:27.671+0000 INFO  creationDate: 2025-05-06T08:56:11.852Z
2026-01-21 19:48:27.673+0000 INFO  Started.
2026-01-21 22:25:51.166+0000 INFO  Neo4j Server shutdown initiated by request
2026-01-21 22:25:51.190+0000 INFO  Stopping...
2026-01-21 22:26:13.391+0000 INFO  Logging config in use: File '/var/lib/neo4j/conf/user-logs.xml'
2026-01-21 22:26:13.448+0000 INFO  Starting...
2026-01-21 22:26:15.210+0000 INFO  This instance is ServerId{ec443550} (ec443550-4a68-4cc6-b235-189e9ae8abde)
2026-01-21 22:26:17.574+0000 INFO  ======== Neo4j 5.26.19 ========
2026-01-21 22:26:24.263+0000 INFO  Anonymous Usage Data is being sent to Neo4j, see https://neo4j.com/docs/usage-data/
2026-01-21 22:26:24.378+0000 INFO  Bolt enabled on 0.0.0.0:7687.
2026-01-21 22:26:26.214+0000 INFO  HTTP enabled on 0.0.0.0:7474.
2026-01-21 22:26:26.217+0000 INFO  Remote interface available at http://localhost:7474/
2026-01-21 22:26:26.225+0000 INFO  id: 9F87E89A496C640F4BCF6814CC29A2C4896FB0FE292BAC74F89E9EE0B858FC67
2026-01-21 22:26:26.228+0000 INFO  name: system
2026-01-21 22:26:26.230+0000 INFO  creationDate: 2025-05-06T08:56:11.852Z
2026-01-21 22:26:26.232+0000 INFO  Started.
2026-01-21 22:30:56.538+0000 INFO  Neo4j Server shutdown initiated by request
2026-01-21 22:30:56.541+0000 INFO  Stopping...
2026-01-21 22:31:19.752+0000 INFO  Logging config in use: File '/var/lib/neo4j/conf/user-logs.xml'
2026-01-21 22:31:19.808+0000 INFO  Starting...
2026-01-21 22:31:22.007+0000 INFO  This instance is ServerId{ec443550} (ec443550-4a68-4cc6-b235-189e9ae8abde)
2026-01-21 22:31:25.170+0000 INFO  ======== Neo4j 5.26.19 ========
2026-01-21 22:31:32.483+0000 INFO  Anonymous Usage Data is being sent to Neo4j, see https://neo4j.com/docs/usage-data/
2026-01-21 22:31:32.608+0000 INFO  Bolt enabled on 0.0.0.0:7687.
2026-01-21 22:31:34.725+0000 INFO  HTTP enabled on 0.0.0.0:7474.
2026-01-21 22:31:34.729+0000 INFO  Remote interface available at http://localhost:7474/
2026-01-21 22:31:34.743+0000 INFO  id: 9F87E89A496C640F4BCF6814CC29A2C4896FB0FE292BAC74F89E9EE0B858FC67
2026-01-21 22:31:34.746+0000 INFO  name: system
2026-01-21 22:31:34.748+0000 INFO  creationDate: 2025-05-06T08:56:11.852Z
2026-01-21 22:31:34.751+0000 INFO  Started.
2026-01-21 22:41:55.925+0000 INFO  Neo4j Server shutdown initiated by request
2026-01-21 22:41:55.926+0000 INFO  Stopping...
2026-01-21 22:42:19.833+0000 INFO  Logging config in use: File '/var/lib/neo4j/conf/user-logs.xml'
2026-01-21 22:42:19.861+0000 INFO  Starting...
2026-01-21 22:42:21.607+0000 INFO  This instance is ServerId{ec443550} (ec443550-4a68-4cc6-b235-189e9ae8abde)
2026-01-21 22:42:23.804+0000 INFO  ======== Neo4j 5.26.19 ========
2026-01-21 22:42:28.609+0000 INFO  Anonymous Usage Data is being sent to Neo4j, see https://neo4j.com/docs/usage-data/
2026-01-21 22:42:28.685+0000 INFO  Bolt enabled on 0.0.0.0:7687.
2026-01-21 22:42:29.965+0000 INFO  HTTP enabled on 0.0.0.0:7474.
2026-01-21 22:42:29.968+0000 INFO  Remote interface available at http://localhost:7474/
2026-01-21 22:42:29.975+0000 INFO  id: 9F87E89A496C640F4BCF6814CC29A2C4896FB0FE292BAC74F89E9EE0B858FC67
2026-01-21 22:42:29.977+0000 INFO  name: system
2026-01-21 22:42:29.979+0000 INFO  creationDate: 2025-05-06T08:56:11.852Z
2026-01-21 22:42:29.981+0000 INFO  Started.
2026-01-21 23:19:02.570+0000 INFO  Neo4j Server shutdown initiated by request
2026-01-21 23:19:02.573+0000 INFO  Stopping...
2026-01-21 23:19:21.900+0000 INFO  Logging config in use: File '/var/lib/neo4j/conf/user-logs.xml'
2026-01-21 23:19:21.936+0000 INFO  Starting...
2026-01-21 23:19:23.336+0000 INFO  This instance is ServerId{ec443550} (ec443550-4a68-4cc6-b235-189e9ae8abde)
2026-01-21 23:19:25.315+0000 INFO  ======== Neo4j 5.26.19 ========
2026-01-21 23:19:30.252+0000 INFO  Anonymous Usage Data is being sent to Neo4j, see https://neo4j.com/docs/usage-data/
2026-01-21 23:19:30.342+0000 INFO  Bolt enabled on 0.0.0.0:7687.
2026-01-21 23:19:32.298+0000 INFO  HTTP enabled on 0.0.0.0:7474.
2026-01-21 23:19:32.301+0000 INFO  Remote interface available at http://localhost:7474/
2026-01-21 23:19:32.310+0000 INFO  id: 9F87E89A496C640F4BCF6814CC29A2C4896FB0FE292BAC74F89E9EE0B858FC67
2026-01-21 23:19:32.312+0000 INFO  name: system
2026-01-21 23:19:32.314+0000 INFO  creationDate: 2025-05-06T08:56:11.852Z
2026-01-21 23:19:32.316+0000 INFO  Started.
2026-01-21 23:22:32.225+0000 INFO  Neo4j Server shutdown initiated by request
2026-01-21 23:22:32.227+0000 INFO  Stopping...
2026-01-21 23:22:59.890+0000 INFO  Logging config in use: File '/var/lib/neo4j/conf/user-logs.xml'
2026-01-21 23:22:59.924+0000 INFO  Starting...
2026-01-21 23:23:01.535+0000 INFO  This instance is ServerId{ec443550} (ec443550-4a68-4cc6-b235-189e9ae8abde)
2026-01-21 23:23:03.708+0000 INFO  ======== Neo4j 5.26.19 ========
2026-01-21 23:23:09.488+0000 INFO  Anonymous Usage Data is being sent to Neo4j, see https://neo4j.com/docs/usage-data/
2026-01-21 23:23:09.578+0000 INFO  Bolt enabled on 0.0.0.0:7687.
2026-01-21 23:23:11.324+0000 INFO  HTTP enabled on 0.0.0.0:7474.
2026-01-21 23:23:11.334+0000 INFO  Remote interface available at http://localhost:7474/
2026-01-21 23:23:11.361+0000 INFO  id: 9F87E89A496C640F4BCF6814CC29A2C4896FB0FE292BAC74F89E9EE0B858FC67
2026-01-21 23:23:11.365+0000 INFO  name: system
2026-01-21 23:23:11.370+0000 INFO  creationDate: 2025-05-06T08:56:11.852Z
2026-01-21 23:23:11.377+0000 INFO  Started.
2026-01-21 23:32:40.661+0000 INFO  Neo4j Server shutdown initiated by request
2026-01-21 23:32:40.663+0000 INFO  Stopping...
2026-01-21 23:33:02.202+0000 INFO  Logging config in use: File '/var/lib/neo4j/conf/user-logs.xml'
2026-01-21 23:33:02.226+0000 INFO  Starting...
2026-01-21 23:33:03.713+0000 INFO  This instance is ServerId{ec443550} (ec443550-4a68-4cc6-b235-189e9ae8abde)
2026-01-21 23:33:05.711+0000 INFO  ======== Neo4j 5.26.19 ========
2026-01-21 23:33:10.610+0000 INFO  Anonymous Usage Data is being sent to Neo4j, see https://neo4j.com/docs/usage-data/
2026-01-21 23:33:10.689+0000 INFO  Bolt enabled on 0.0.0.0:7687.
2026-01-21 23:33:11.981+0000 INFO  HTTP enabled on 0.0.0.0:7474.
2026-01-21 23:33:11.984+0000 INFO  Remote interface available at http://localhost:7474/
2026-01-21 23:33:11.994+0000 INFO  id: 9F87E89A496C640F4BCF6814CC29A2C4896FB0FE292BAC74F89E9EE0B858FC67
2026-01-21 23:33:11.996+0000 INFO  name: system
2026-01-21 23:33:11.998+0000 INFO  creationDate: 2025-05-06T08:56:11.852Z
2026-01-21 23:33:12.000+0000 INFO  Started.
2026-01-21 23:54:38.727+0000 INFO  Neo4j Server shutdown initiated by request
2026-01-21 23:54:38.729+0000 INFO  Stopping...
2026-01-21 23:54:58.134+0000 INFO  Logging config in use: File '/var/lib/neo4j/conf/user-logs.xml'
2026-01-21 23:54:58.236+0000 INFO  Starting...
2026-01-21 23:55:01.006+0000 INFO  This instance is ServerId{ec443550} (ec443550-4a68-4cc6-b235-189e9ae8abde)
2026-01-21 23:55:03.056+0000 INFO  ======== Neo4j 5.26.19 ========
2026-01-21 23:55:07.869+0000 INFO  Anonymous Usage Data is being sent to Neo4j, see https://neo4j.com/docs/usage-data/
2026-01-21 23:55:07.957+0000 INFO  Bolt enabled on 0.0.0.0:7687.
2026-01-21 23:55:09.250+0000 INFO  HTTP enabled on 0.0.0.0:7474.
2026-01-21 23:55:09.253+0000 INFO  Remote interface available at http://localhost:7474/
2026-01-21 23:55:09.260+0000 INFO  id: 9F87E89A496C640F4BCF6814CC29A2C4896FB0FE292BAC74F89E9EE0B858FC67
2026-01-21 23:55:09.262+0000 INFO  name: system
2026-01-21 23:55:09.265+0000 INFO  creationDate: 2025-05-06T08:56:11.852Z
2026-01-21 23:55:09.267+0000 INFO  Started.
2026-01-22 00:48:17.182+0000 INFO  Neo4j Server shutdown initiated by request
2026-01-22 00:48:17.196+0000 INFO  Stopping...
2026-01-22 00:48:35.809+0000 INFO  Logging config in use: File '/var/lib/neo4j/conf/user-logs.xml'
2026-01-22 00:48:35.856+0000 INFO  Starting...
2026-01-22 00:48:37.503+0000 INFO  This instance is ServerId{ec443550} (ec443550-4a68-4cc6-b235-189e9ae8abde)
2026-01-22 00:48:39.593+0000 INFO  ======== Neo4j 5.26.19 ========
2026-01-22 00:48:45.476+0000 INFO  Anonymous Usage Data is being sent to Neo4j, see https://neo4j.com/docs/usage-data/
2026-01-22 00:48:45.575+0000 INFO  Bolt enabled on 0.0.0.0:7687.
2026-01-22 00:48:47.552+0000 INFO  HTTP enabled on 0.0.0.0:7474.
2026-01-22 00:48:47.554+0000 INFO  Remote interface available at http://localhost:7474/
2026-01-22 00:48:47.565+0000 INFO  id: 9F87E89A496C640F4BCF6814CC29A2C4896FB0FE292BAC74F89E9EE0B858FC67
2026-01-22 00:48:47.567+0000 INFO  name: system
2026-01-22 00:48:47.568+0000 INFO  creationDate: 2025-05-06T08:56:11.852Z
2026-01-22 00:48:47.571+0000 INFO  Started.
2026-01-22 01:02:11.453+0000 INFO  Neo4j Server shutdown initiated by request
2026-01-22 01:02:11.456+0000 INFO  Stopping...
2026-01-22 09:50:30.952+0000 INFO  Logging config in use: File '/var/lib/neo4j/conf/user-logs.xml'
2026-01-22 09:50:30.992+0000 INFO  Starting...
2026-01-22 09:50:32.318+0000 INFO  This instance is ServerId{ec443550} (ec443550-4a68-4cc6-b235-189e9ae8abde)
2026-01-22 09:50:33.892+0000 INFO  ======== Neo4j 5.26.19 ========
2026-01-22 09:50:41.613+0000 INFO  Anonymous Usage Data is being sent to Neo4j, see https://neo4j.com/docs/usage-data/
2026-01-22 09:50:41.730+0000 INFO  Bolt enabled on 0.0.0.0:7687.
2026-01-22 09:50:43.715+0000 INFO  HTTP enabled on 0.0.0.0:7474.
2026-01-22 09:50:43.718+0000 INFO  Remote interface available at http://localhost:7474/
2026-01-22 09:50:43.724+0000 INFO  id: 9F87E89A496C640F4BCF6814CC29A2C4896FB0FE292BAC74F89E9EE0B858FC67
2026-01-22 09:50:43.726+0000 INFO  name: system
2026-01-22 09:50:43.728+0000 INFO  creationDate: 2025-05-06T08:56:11.852Z
2026-01-22 09:50:43.730+0000 INFO  Started.
2026-01-22 10:01:11.092+0000 INFO  Neo4j Server shutdown initiated by request
2026-01-22 10:01:11.106+0000 INFO  Stopping...
2026-01-22 10:01:38.918+0000 INFO  Logging config in use: File '/var/lib/neo4j/conf/user-logs.xml'
2026-01-22 10:01:38.952+0000 INFO  Starting...
2026-01-22 10:01:40.290+0000 INFO  This instance is ServerId{ec443550} (ec443550-4a68-4cc6-b235-189e9ae8abde)
2026-01-22 10:01:42.113+0000 INFO  ======== Neo4j 5.26.19 ========
2026-01-22 10:01:53.867+0000 INFO  Anonymous Usage Data is being sent to Neo4j, see https://neo4j.com/docs/usage-data/
2026-01-22 10:01:54.079+0000 INFO  Bolt enabled on 0.0.0.0:7687.
2026-01-22 10:01:55.177+0000 INFO  HTTP enabled on 0.0.0.0:7474.
2026-01-22 10:01:55.179+0000 INFO  Remote interface available at http://localhost:7474/
2026-01-22 10:01:55.186+0000 INFO  id: 9F87E89A496C640F4BCF6814CC29A2C4896FB0FE292BAC74F89E9EE0B858FC67
2026-01-22 10:01:55.187+0000 INFO  name: system
2026-01-22 10:01:55.189+0000 INFO  creationDate: 2025-05-06T08:56:11.852Z
2026-01-22 10:01:55.192+0000 INFO  Started.
2026-01-22 10:07:53.035+0000 INFO  Logging config in use: File '/var/lib/neo4j/conf/user-logs.xml'
2026-01-22 10:07:53.079+0000 INFO  Starting...
2026-01-22 10:07:54.641+0000 INFO  This instance is ServerId{ec443550} (ec443550-4a68-4cc6-b235-189e9ae8abde)
2026-01-22 10:07:56.906+0000 INFO  ======== Neo4j 5.26.19 ========
2026-01-22 10:08:01.928+0000 INFO  Anonymous Usage Data is being sent to Neo4j, see https://neo4j.com/docs/usage-data/
2026-01-22 10:08:02.005+0000 INFO  Bolt enabled on 0.0.0.0:7687.
2026-01-22 10:08:03.624+0000 INFO  HTTP enabled on 0.0.0.0:7474.
2026-01-22 10:08:03.626+0000 INFO  Remote interface available at http://localhost:7474/
2026-01-22 10:08:03.634+0000 INFO  id: 9F87E89A496C640F4BCF6814CC29A2C4896FB0FE292BAC74F89E9EE0B858FC67
2026-01-22 10:08:03.638+0000 INFO  name: system
2026-01-22 10:08:03.639+0000 INFO  creationDate: 2025-05-06T08:56:11.852Z
2026-01-22 10:08:03.641+0000 INFO  Started.
2026-01-22 10:17:46.883+0000 INFO  Neo4j Server shutdown initiated by request
2026-01-22 10:17:46.886+0000 INFO  Stopping...
2026-01-22 10:18:06.644+0000 INFO  Logging config in use: File '/var/lib/neo4j/conf/user-logs.xml'
2026-01-22 10:18:06.678+0000 INFO  Starting...
2026-01-22 10:18:08.018+0000 INFO  This instance is ServerId{ec443550} (ec443550-4a68-4cc6-b235-189e9ae8abde)
2026-01-22 10:18:09.861+0000 INFO  ======== Neo4j 5.26.19 ========
2026-01-22 10:18:14.806+0000 INFO  Anonymous Usage Data is being sent to Neo4j, see https://neo4j.com/docs/usage-data/
2026-01-22 10:18:14.975+0000 INFO  Bolt enabled on 0.0.0.0:7687.
2026-01-22 10:18:16.753+0000 INFO  HTTP enabled on 0.0.0.0:7474.
2026-01-22 10:18:16.755+0000 INFO  Remote interface available at http://localhost:7474/
2026-01-22 10:18:16.761+0000 INFO  id: 9F87E89A496C640F4BCF6814CC29A2C4896FB0FE292BAC74F89E9EE0B858FC67
2026-01-22 10:18:16.762+0000 INFO  name: system
2026-01-22 10:18:16.764+0000 INFO  creationDate: 2025-05-06T08:56:11.852Z
2026-01-22 10:18:16.766+0000 INFO  Started.
2026-01-22 10:30:36.738+0000 INFO  Neo4j Server shutdown initiated by request
2026-01-22 10:30:36.739+0000 INFO  Stopping...
2026-01-22 10:30:56.890+0000 INFO  Logging config in use: File '/var/lib/neo4j/conf/user-logs.xml'
2026-01-22 10:30:56.915+0000 INFO  Starting...
2026-01-22 10:30:58.112+0000 INFO  This instance is ServerId{ec443550} (ec443550-4a68-4cc6-b235-189e9ae8abde)
2026-01-22 10:30:59.975+0000 INFO  ======== Neo4j 5.26.19 ========
2026-01-22 10:31:09.833+0000 INFO  Anonymous Usage Data is being sent to Neo4j, see https://neo4j.com/docs/usage-data/
2026-01-22 10:31:09.944+0000 INFO  Bolt enabled on 0.0.0.0:7687.
2026-01-22 10:31:11.544+0000 INFO  HTTP enabled on 0.0.0.0:7474.
2026-01-22 10:31:11.546+0000 INFO  Remote interface available at http://localhost:7474/
2026-01-22 10:31:11.551+0000 INFO  id: 9F87E89A496C640F4BCF6814CC29A2C4896FB0FE292BAC74F89E9EE0B858FC67
2026-01-22 10:31:11.553+0000 INFO  name: system
2026-01-22 10:31:11.554+0000 INFO  creationDate: 2025-05-06T08:56:11.852Z
2026-01-22 10:31:11.557+0000 INFO  Started.
2026-01-22 11:02:02.522+0000 INFO  Neo4j Server shutdown initiated by request
2026-01-22 11:02:02.525+0000 INFO  Stopping...
2026-01-22 11:02:28.132+0000 INFO  Logging config in use: File '/var/lib/neo4j/conf/user-logs.xml'
2026-01-22 11:02:28.163+0000 INFO  Starting...
2026-01-22 11:02:29.495+0000 INFO  This instance is ServerId{ec443550} (ec443550-4a68-4cc6-b235-189e9ae8abde)
2026-01-22 11:02:31.180+0000 INFO  ======== Neo4j 5.26.19 ========
2026-01-22 11:02:35.925+0000 INFO  Anonymous Usage Data is being sent to Neo4j, see https://neo4j.com/docs/usage-data/
2026-01-22 11:02:36.011+0000 INFO  Bolt enabled on 0.0.0.0:7687.
2026-01-22 11:02:37.408+0000 INFO  HTTP enabled on 0.0.0.0:7474.
2026-01-22 11:02:37.411+0000 INFO  Remote interface available at http://localhost:7474/
2026-01-22 11:02:37.419+0000 INFO  id: 9F87E89A496C640F4BCF6814CC29A2C4896FB0FE292BAC74F89E9EE0B858FC67
2026-01-22 11:02:37.420+0000 INFO  name: system
2026-01-22 11:02:37.422+0000 INFO  creationDate: 2025-05-06T08:56:11.852Z
2026-01-22 11:02:37.426+0000 INFO  Started.
2026-01-22 11:13:32.715+0000 INFO  Neo4j Server shutdown initiated by request
2026-01-22 11:13:32.716+0000 INFO  Stopping...
2026-01-22 11:13:50.045+0000 INFO  Logging config in use: File '/var/lib/neo4j/conf/user-logs.xml'
2026-01-22 11:13:50.068+0000 INFO  Starting...
2026-01-22 11:13:51.310+0000 INFO  This instance is ServerId{ec443550} (ec443550-4a68-4cc6-b235-189e9ae8abde)
2026-01-22 11:13:53.504+0000 INFO  ======== Neo4j 5.26.19 ========
2026-01-22 11:13:58.863+0000 INFO  Anonymous Usage Data is being sent to Neo4j, see https://neo4j.com/docs/usage-data/
2026-01-22 11:13:58.950+0000 INFO  Bolt enabled on 0.0.0.0:7687.
2026-01-22 11:14:00.239+0000 INFO  HTTP enabled on 0.0.0.0:7474.
2026-01-22 11:14:00.242+0000 INFO  Remote interface available at http://localhost:7474/
2026-01-22 11:14:00.252+0000 INFO  id: 9F87E89A496C640F4BCF6814CC29A2C4896FB0FE292BAC74F89E9EE0B858FC67
2026-01-22 11:14:00.254+0000 INFO  name: system
2026-01-22 11:14:00.256+0000 INFO  creationDate: 2025-05-06T08:56:11.852Z
2026-01-22 11:14:00.258+0000 INFO  Started.
2026-01-22 11:15:27.037+0000 INFO  Neo4j Server shutdown initiated by request
2026-01-22 11:15:27.039+0000 INFO  Stopping...
2026-01-22 11:15:56.755+0000 INFO  Logging config in use: File '/var/lib/neo4j/conf/user-logs.xml'
2026-01-22 11:15:56.800+0000 INFO  Starting...
2026-01-22 11:15:58.260+0000 INFO  This instance is ServerId{ec443550} (ec443550-4a68-4cc6-b235-189e9ae8abde)
2026-01-22 11:16:00.526+0000 INFO  ======== Neo4j 5.26.19 ========
2026-01-22 11:16:05.839+0000 INFO  Anonymous Usage Data is being sent to Neo4j, see https://neo4j.com/docs/usage-data/
2026-01-22 11:16:05.994+0000 INFO  Bolt enabled on 0.0.0.0:7687.
2026-01-22 11:16:07.847+0000 INFO  HTTP enabled on 0.0.0.0:7474.
2026-01-22 11:16:07.849+0000 INFO  Remote interface available at http://localhost:7474/
2026-01-22 11:16:07.855+0000 INFO  id: 9F87E89A496C640F4BCF6814CC29A2C4896FB0FE292BAC74F89E9EE0B858FC67
2026-01-22 11:16:07.857+0000 INFO  name: system
2026-01-22 11:16:07.860+0000 INFO  creationDate: 2025-05-06T08:56:11.852Z
2026-01-22 11:16:07.862+0000 INFO  Started.
2026-01-22 11:32:13.508+0000 INFO  Neo4j Server shutdown initiated by request
2026-01-22 11:32:13.510+0000 INFO  Stopping...
2026-01-22 11:32:29.031+0000 INFO  Logging config in use: File '/var/lib/neo4j/conf/user-logs.xml'
2026-01-22 11:32:29.064+0000 INFO  Starting...
2026-01-22 11:32:30.279+0000 INFO  This instance is ServerId{ec443550} (ec443550-4a68-4cc6-b235-189e9ae8abde)
2026-01-22 11:32:32.276+0000 INFO  ======== Neo4j 5.26.19 ========
2026-01-22 11:32:36.727+0000 INFO  Anonymous Usage Data is being sent to Neo4j, see https://neo4j.com/docs/usage-data/
2026-01-22 11:32:36.804+0000 INFO  Bolt enabled on 0.0.0.0:7687.
2026-01-22 11:32:38.326+0000 INFO  HTTP enabled on 0.0.0.0:7474.
2026-01-22 11:32:38.328+0000 INFO  Remote interface available at http://localhost:7474/
2026-01-22 11:32:38.335+0000 INFO  id: 9F87E89A496C640F4BCF6814CC29A2C4896FB0FE292BAC74F89E9EE0B858FC67
2026-01-22 11:32:38.336+0000 INFO  name: system
2026-01-22 11:32:38.338+0000 INFO  creationDate: 2025-05-06T08:56:11.852Z
2026-01-22 11:32:38.340+0000 INFO  Started.
2026-01-22 11:40:45.257+0000 INFO  Neo4j Server shutdown initiated by request
2026-01-22 11:40:45.259+0000 INFO  Stopping...
2026-01-22 11:41:02.721+0000 INFO  Logging config in use: File '/var/lib/neo4j/conf/user-logs.xml'
2026-01-22 11:41:02.754+0000 INFO  Starting...
2026-01-22 11:41:04.055+0000 INFO  This instance is ServerId{ec443550} (ec443550-4a68-4cc6-b235-189e9ae8abde)
2026-01-22 11:41:05.927+0000 INFO  ======== Neo4j 5.26.19 ========
2026-01-22 11:41:10.198+0000 INFO  Anonymous Usage Data is being sent to Neo4j, see https://neo4j.com/docs/usage-data/
2026-01-22 11:41:10.272+0000 INFO  Bolt enabled on 0.0.0.0:7687.
2026-01-22 11:41:11.744+0000 INFO  HTTP enabled on 0.0.0.0:7474.
2026-01-22 11:41:11.747+0000 INFO  Remote interface available at http://localhost:7474/
2026-01-22 11:41:11.758+0000 INFO  id: 9F87E89A496C640F4BCF6814CC29A2C4896FB0FE292BAC74F89E9EE0B858FC67
2026-01-22 11:41:11.761+0000 INFO  name: system
2026-01-22 11:41:11.764+0000 INFO  creationDate: 2025-05-06T08:56:11.852Z
2026-01-22 11:41:11.767+0000 INFO  Started.
2026-01-22 11:42:13.314+0000 INFO  Neo4j Server shutdown initiated by request
2026-01-22 11:42:13.315+0000 INFO  Stopping...
2026-01-22 11:42:30.855+0000 INFO  Logging config in use: File '/var/lib/neo4j/conf/user-logs.xml'
2026-01-22 11:42:30.896+0000 INFO  Starting...
2026-01-22 11:42:32.229+0000 INFO  This instance is ServerId{ec443550} (ec443550-4a68-4cc6-b235-189e9ae8abde)
2026-01-22 11:42:34.167+0000 INFO  ======== Neo4j 5.26.19 ========
2026-01-22 11:42:38.769+0000 INFO  Anonymous Usage Data is being sent to Neo4j, see https://neo4j.com/docs/usage-data/
2026-01-22 11:42:38.847+0000 INFO  Bolt enabled on 0.0.0.0:7687.
2026-01-22 11:42:40.441+0000 INFO  HTTP enabled on 0.0.0.0:7474.
2026-01-22 11:42:40.444+0000 INFO  Remote interface available at http://localhost:7474/
2026-01-22 11:42:40.452+0000 INFO  id: 9F87E89A496C640F4BCF6814CC29A2C4896FB0FE292BAC74F89E9EE0B858FC67
2026-01-22 11:42:40.454+0000 INFO  name: system
2026-01-22 11:42:40.456+0000 INFO  creationDate: 2025-05-06T08:56:11.852Z
2026-01-22 11:42:40.458+0000 INFO  Started.
2026-01-22 21:05:32.736+0000 INFO  Neo4j Server shutdown initiated by request
2026-01-22 21:05:32.789+0000 INFO  Stopping...
2026-01-28 10:54:05.486+0000 INFO  Logging config in use: File '/var/lib/neo4j/conf/user-logs.xml'
2026-01-28 10:54:05.544+0000 INFO  Starting...
2026-01-28 10:54:07.422+0000 INFO  This instance is ServerId{ec443550} (ec443550-4a68-4cc6-b235-189e9ae8abde)
2026-01-28 10:54:14.392+0000 INFO  ======== Neo4j 5.26.19 ========
2026-01-28 10:54:23.358+0000 INFO  Anonymous Usage Data is being sent to Neo4j, see https://neo4j.com/docs/usage-data/
2026-01-28 10:54:24.171+0000 INFO  Bolt enabled on 0.0.0.0:7687.
2026-01-28 10:54:28.245+0000 INFO  HTTP enabled on 0.0.0.0:7474.
2026-01-28 10:54:28.251+0000 INFO  Remote interface available at http://localhost:7474/
2026-01-28 10:54:28.264+0000 INFO  id: 9F87E89A496C640F4BCF6814CC29A2C4896FB0FE292BAC74F89E9EE0B858FC67
2026-01-28 10:54:28.266+0000 INFO  name: system
2026-01-28 10:54:28.270+0000 INFO  creationDate: 2025-05-06T08:56:11.852Z
2026-01-28 10:54:28.272+0000 INFO  Started.
2026-01-28 11:40:51.470+0000 INFO  Neo4j Server shutdown initiated by request
2026-01-28 11:40:51.577+0000 INFO  Stopping...
2026-01-28 11:41:26.489+0000 INFO  Logging config in use: File '/var/lib/neo4j/conf/user-logs.xml'
2026-01-28 11:41:26.555+0000 INFO  Starting...
2026-01-28 11:41:28.914+0000 INFO  This instance is ServerId{ec443550} (ec443550-4a68-4cc6-b235-189e9ae8abde)
2026-01-28 11:41:33.044+0000 INFO  ======== Neo4j 5.26.19 ========
2026-01-28 11:41:41.420+0000 INFO  Anonymous Usage Data is being sent to Neo4j, see https://neo4j.com/docs/usage-data/
2026-01-28 11:41:41.605+0000 INFO  Bolt enabled on 0.0.0.0:7687.
2026-01-28 11:41:46.004+0000 INFO  HTTP enabled on 0.0.0.0:7474.
2026-01-28 11:41:46.008+0000 INFO  Remote interface available at http://localhost:7474/
2026-01-28 11:41:46.018+0000 INFO  id: 9F87E89A496C640F4BCF6814CC29A2C4896FB0FE292BAC74F89E9EE0B858FC67
2026-01-28 11:41:46.021+0000 INFO  name: system
2026-01-28 11:41:46.023+0000 INFO  creationDate: 2025-05-06T08:56:11.852Z
2026-01-28 11:41:46.025+0000 INFO  Started.
2026-01-28 11:43:29.051+0000 INFO  Neo4j Server shutdown initiated by request
2026-01-28 11:43:29.054+0000 INFO  Stopping...
2026-01-28 11:43:47.833+0000 INFO  Logging config in use: File '/var/lib/neo4j/conf/user-logs.xml'
2026-01-28 11:43:47.866+0000 INFO  Starting...
2026-01-28 11:43:49.583+0000 INFO  This instance is ServerId{ec443550} (ec443550-4a68-4cc6-b235-189e9ae8abde)
2026-01-28 11:43:51.631+0000 INFO  ======== Neo4j 5.26.19 ========
2026-01-28 11:43:58.115+0000 INFO  Anonymous Usage Data is being sent to Neo4j, see https://neo4j.com/docs/usage-data/
2026-01-28 11:43:58.220+0000 INFO  Bolt enabled on 0.0.0.0:7687.
2026-01-28 11:44:00.059+0000 INFO  HTTP enabled on 0.0.0.0:7474.
2026-01-28 11:44:00.063+0000 INFO  Remote interface available at http://localhost:7474/
2026-01-28 11:44:00.077+0000 INFO  id: 9F87E89A496C640F4BCF6814CC29A2C4896FB0FE292BAC74F89E9EE0B858FC67
2026-01-28 11:44:00.081+0000 INFO  name: system
2026-01-28 11:44:00.084+0000 INFO  creationDate: 2025-05-06T08:56:11.852Z
2026-01-28 11:44:00.092+0000 INFO  Started.
2026-01-28 11:53:59.279+0000 INFO  Neo4j Server shutdown initiated by request
2026-01-28 11:53:59.281+0000 INFO  Stopping...
2026-01-28 11:54:21.226+0000 INFO  Logging config in use: File '/var/lib/neo4j/conf/user-logs.xml'
2026-01-28 11:54:21.262+0000 INFO  Starting...
2026-01-28 11:54:23.725+0000 INFO  This instance is ServerId{ec443550} (ec443550-4a68-4cc6-b235-189e9ae8abde)
2026-01-28 11:54:28.327+0000 INFO  ======== Neo4j 5.26.19 ========
2026-01-28 11:54:38.160+0000 INFO  Anonymous Usage Data is being sent to Neo4j, see https://neo4j.com/docs/usage-data/
2026-01-28 11:54:38.269+0000 INFO  Bolt enabled on 0.0.0.0:7687.
2026-01-28 11:54:40.540+0000 INFO  HTTP enabled on 0.0.0.0:7474.
2026-01-28 11:54:40.544+0000 INFO  Remote interface available at http://localhost:7474/
2026-01-28 11:54:40.558+0000 INFO  id: 9F87E89A496C640F4BCF6814CC29A2C4896FB0FE292BAC74F89E9EE0B858FC67
2026-01-28 11:54:40.561+0000 INFO  name: system
2026-01-28 11:54:40.564+0000 INFO  creationDate: 2025-05-06T08:56:11.852Z
2026-01-28 11:54:40.569+0000 INFO  Started.
2026-01-28 12:01:36.459+0000 INFO  Neo4j Server shutdown initiated by request
2026-01-28 12:01:36.463+0000 INFO  Stopping...
2026-01-28 12:02:02.535+0000 INFO  Logging config in use: File '/var/lib/neo4j/conf/user-logs.xml'
2026-01-28 12:02:02.583+0000 INFO  Starting...
2026-01-28 12:02:04.764+0000 INFO  This instance is ServerId{ec443550} (ec443550-4a68-4cc6-b235-189e9ae8abde)
2026-01-28 12:02:07.170+0000 INFO  ======== Neo4j 5.26.19 ========
2026-01-28 12:02:14.462+0000 INFO  Anonymous Usage Data is being sent to Neo4j, see https://neo4j.com/docs/usage-data/
2026-01-28 12:02:14.571+0000 INFO  Bolt enabled on 0.0.0.0:7687.
2026-01-28 12:02:16.306+0000 INFO  HTTP enabled on 0.0.0.0:7474.
2026-01-28 12:02:16.309+0000 INFO  Remote interface available at http://localhost:7474/
2026-01-28 12:02:16.316+0000 INFO  id: 9F87E89A496C640F4BCF6814CC29A2C4896FB0FE292BAC74F89E9EE0B858FC67
2026-01-28 12:02:16.318+0000 INFO  name: system
2026-01-28 12:02:16.320+0000 INFO  creationDate: 2025-05-06T08:56:11.852Z
2026-01-28 12:02:16.322+0000 INFO  Started.
2026-01-28 12:11:52.571+0000 INFO  Logging config in use: File '/var/lib/neo4j/conf/user-logs.xml'
2026-01-28 12:11:52.601+0000 INFO  Starting...
2026-01-28 12:11:53.971+0000 INFO  This instance is ServerId{ec443550} (ec443550-4a68-4cc6-b235-189e9ae8abde)
2026-01-28 12:11:56.239+0000 INFO  ======== Neo4j 5.26.19 ========
2026-01-28 12:12:02.200+0000 INFO  Anonymous Usage Data is being sent to Neo4j, see https://neo4j.com/docs/usage-data/
2026-01-28 12:12:02.283+0000 INFO  Bolt enabled on 0.0.0.0:7687.
2026-01-28 12:12:03.755+0000 INFO  HTTP enabled on 0.0.0.0:7474.
2026-01-28 12:12:03.760+0000 INFO  Remote interface available at http://localhost:7474/
2026-01-28 12:12:03.771+0000 INFO  id: 9F87E89A496C640F4BCF6814CC29A2C4896FB0FE292BAC74F89E9EE0B858FC67
2026-01-28 12:12:03.775+0000 INFO  name: system
2026-01-28 12:12:03.779+0000 INFO  creationDate: 2025-05-06T08:56:11.852Z
2026-01-28 12:12:03.782+0000 INFO  Started.
2026-01-28 12:17:32.053+0000 INFO  Neo4j Server shutdown initiated by request
2026-01-28 12:17:32.055+0000 INFO  Stopping...
2026-01-28 12:17:49.716+0000 INFO  Logging config in use: File '/var/lib/neo4j/conf/user-logs.xml'
2026-01-28 12:17:49.757+0000 INFO  Starting...
2026-01-28 12:17:51.592+0000 INFO  This instance is ServerId{ec443550} (ec443550-4a68-4cc6-b235-189e9ae8abde)
2026-01-28 12:17:53.771+0000 INFO  ======== Neo4j 5.26.19 ========
2026-01-28 12:18:00.645+0000 INFO  Anonymous Usage Data is being sent to Neo4j, see https://neo4j.com/docs/usage-data/
2026-01-28 12:18:00.783+0000 INFO  Bolt enabled on 0.0.0.0:7687.
2026-01-28 12:18:03.316+0000 INFO  HTTP enabled on 0.0.0.0:7474.
2026-01-28 12:18:03.319+0000 INFO  Remote interface available at http://localhost:7474/
2026-01-28 12:18:03.328+0000 INFO  id: 9F87E89A496C640F4BCF6814CC29A2C4896FB0FE292BAC74F89E9EE0B858FC67
2026-01-28 12:18:03.330+0000 INFO  name: system
2026-01-28 12:18:03.331+0000 INFO  creationDate: 2025-05-06T08:56:11.852Z
2026-01-28 12:18:03.334+0000 INFO  Started.
2026-01-28 12:19:55.066+0000 INFO  Neo4j Server shutdown initiated by request
2026-01-28 12:19:55.068+0000 INFO  Stopping...
2026-01-28 12:20:12.681+0000 INFO  Logging config in use: File '/var/lib/neo4j/conf/user-logs.xml'
2026-01-28 12:20:12.711+0000 INFO  Starting...
2026-01-28 12:20:14.526+0000 INFO  This instance is ServerId{ec443550} (ec443550-4a68-4cc6-b235-189e9ae8abde)
2026-01-28 12:20:16.838+0000 INFO  ======== Neo4j 5.26.19 ========
2026-01-28 12:20:26.500+0000 INFO  Anonymous Usage Data is being sent to Neo4j, see https://neo4j.com/docs/usage-data/
2026-01-28 12:20:26.665+0000 INFO  Bolt enabled on 0.0.0.0:7687.
2026-01-28 12:20:28.414+0000 INFO  HTTP enabled on 0.0.0.0:7474.
2026-01-28 12:20:28.416+0000 INFO  Remote interface available at http://localhost:7474/
2026-01-28 12:20:28.425+0000 INFO  id: 9F87E89A496C640F4BCF6814CC29A2C4896FB0FE292BAC74F89E9EE0B858FC67
2026-01-28 12:20:28.427+0000 INFO  name: system
2026-01-28 12:20:28.429+0000 INFO  creationDate: 2025-05-06T08:56:11.852Z
2026-01-28 12:20:28.431+0000 INFO  Started.
2026-01-28 12:39:30.480+0000 INFO  Neo4j Server shutdown initiated by request
2026-01-28 12:39:30.486+0000 INFO  Stopping...
2026-01-28 12:40:18.554+0000 INFO  Logging config in use: File '/var/lib/neo4j/conf/user-logs.xml'
2026-01-28 12:40:18.606+0000 INFO  Starting...
2026-01-28 12:40:20.509+0000 INFO  This instance is ServerId{ec443550} (ec443550-4a68-4cc6-b235-189e9ae8abde)
2026-01-28 12:40:24.066+0000 INFO  ======== Neo4j 5.26.19 ========
2026-01-28 12:40:30.212+0000 INFO  Anonymous Usage Data is being sent to Neo4j, see https://neo4j.com/docs/usage-data/
2026-01-28 12:40:30.318+0000 INFO  Bolt enabled on 0.0.0.0:7687.
2026-01-28 12:40:31.981+0000 INFO  HTTP enabled on 0.0.0.0:7474.
2026-01-28 12:40:31.984+0000 INFO  Remote interface available at http://localhost:7474/
2026-01-28 12:40:31.996+0000 INFO  id: 9F87E89A496C640F4BCF6814CC29A2C4896FB0FE292BAC74F89E9EE0B858FC67
2026-01-28 12:40:31.997+0000 INFO  name: system
2026-01-28 12:40:31.999+0000 INFO  creationDate: 2025-05-06T08:56:11.852Z
2026-01-28 12:40:32.002+0000 INFO  Started.
2026-01-29 10:19:41.186+0000 INFO  Logging config in use: File '/var/lib/neo4j/conf/user-logs.xml'
2026-01-29 10:19:41.274+0000 INFO  Starting...
2026-01-29 10:19:44.700+0000 INFO  This instance is ServerId{ec443550} (ec443550-4a68-4cc6-b235-189e9ae8abde)
2026-01-29 10:19:50.360+0000 INFO  ======== Neo4j 5.26.19 ========
2026-01-29 10:20:00.328+0000 INFO  Anonymous Usage Data is being sent to Neo4j, see https://neo4j.com/docs/usage-data/
2026-01-29 10:20:00.425+0000 INFO  Bolt enabled on 0.0.0.0:7687.
2026-01-29 10:20:02.609+0000 INFO  HTTP enabled on 0.0.0.0:7474.
2026-01-29 10:20:02.612+0000 INFO  Remote interface available at http://localhost:7474/
2026-01-29 10:20:02.621+0000 INFO  id: 9F87E89A496C640F4BCF6814CC29A2C4896FB0FE292BAC74F89E9EE0B858FC67
2026-01-29 10:20:02.625+0000 INFO  name: system
2026-01-29 10:20:02.627+0000 INFO  creationDate: 2025-05-06T08:56:11.852Z
2026-01-29 10:20:02.629+0000 INFO  Started.
2026-01-29 13:39:47.991+0000 INFO  Neo4j Server shutdown initiated by request
2026-01-29 13:39:48.124+0000 INFO  Stopping...
2026-01-29 13:44:40.722+0000 INFO  Logging config in use: File '/var/lib/neo4j/conf/user-logs.xml'
2026-01-29 13:44:40.765+0000 INFO  Starting...
2026-01-29 13:44:42.232+0000 INFO  This instance is ServerId{ec443550} (ec443550-4a68-4cc6-b235-189e9ae8abde)
2026-01-29 13:44:44.068+0000 INFO  ======== Neo4j 5.26.19 ========
2026-01-29 13:44:49.358+0000 INFO  Anonymous Usage Data is being sent to Neo4j, see https://neo4j.com/docs/usage-data/
2026-01-29 13:44:49.438+0000 INFO  Bolt enabled on 0.0.0.0:7687.
2026-01-29 13:44:51.128+0000 INFO  HTTP enabled on 0.0.0.0:7474.
2026-01-29 13:44:51.131+0000 INFO  Remote interface available at http://localhost:7474/
2026-01-29 13:44:51.138+0000 INFO  id: 9F87E89A496C640F4BCF6814CC29A2C4896FB0FE292BAC74F89E9EE0B858FC67
2026-01-29 13:44:51.140+0000 INFO  name: system
2026-01-29 13:44:51.142+0000 INFO  creationDate: 2025-05-06T08:56:11.852Z
2026-01-29 13:44:51.143+0000 INFO  Started.
2026-01-29 13:47:24.912+0000 INFO  Neo4j Server shutdown initiated by request
2026-01-29 13:47:24.914+0000 INFO  Stopping...
2026-01-29 13:47:41.691+0000 INFO  Logging config in use: File '/var/lib/neo4j/conf/user-logs.xml'
2026-01-29 13:47:41.735+0000 INFO  Starting...
2026-01-29 13:47:43.151+0000 INFO  This instance is ServerId{ec443550} (ec443550-4a68-4cc6-b235-189e9ae8abde)
2026-01-29 13:47:45.206+0000 INFO  ======== Neo4j 5.26.19 ========
2026-01-29 13:47:49.954+0000 INFO  Anonymous Usage Data is being sent to Neo4j, see https://neo4j.com/docs/usage-data/
2026-01-29 13:47:50.040+0000 INFO  Bolt enabled on 0.0.0.0:7687.
2026-01-29 13:47:51.703+0000 INFO  HTTP enabled on 0.0.0.0:7474.
2026-01-29 13:47:51.705+0000 INFO  Remote interface available at http://localhost:7474/
2026-01-29 13:47:51.713+0000 INFO  id: 9F87E89A496C640F4BCF6814CC29A2C4896FB0FE292BAC74F89E9EE0B858FC67
2026-01-29 13:47:51.715+0000 INFO  name: system
2026-01-29 13:47:51.718+0000 INFO  creationDate: 2025-05-06T08:56:11.852Z
2026-01-29 13:47:51.720+0000 INFO  Started.
2026-01-29 14:14:42.026+0000 INFO  Neo4j Server shutdown initiated by request
2026-01-29 14:14:42.039+0000 INFO  Stopping...
2026-01-29 14:15:07.789+0000 INFO  Logging config in use: File '/var/lib/neo4j/conf/user-logs.xml'
2026-01-29 14:15:07.824+0000 INFO  Starting...
2026-01-29 14:15:09.317+0000 INFO  This instance is ServerId{ec443550} (ec443550-4a68-4cc6-b235-189e9ae8abde)
2026-01-29 14:15:11.319+0000 INFO  ======== Neo4j 5.26.19 ========
2026-01-29 14:15:16.222+0000 INFO  Anonymous Usage Data is being sent to Neo4j, see https://neo4j.com/docs/usage-data/
2026-01-29 14:15:16.309+0000 INFO  Bolt enabled on 0.0.0.0:7687.
2026-01-29 14:15:19.032+0000 INFO  HTTP enabled on 0.0.0.0:7474.
2026-01-29 14:15:19.035+0000 INFO  Remote interface available at http://localhost:7474/
2026-01-29 14:15:19.050+0000 INFO  id: 9F87E89A496C640F4BCF6814CC29A2C4896FB0FE292BAC74F89E9EE0B858FC67
2026-01-29 14:15:19.053+0000 INFO  name: system
2026-01-29 14:15:19.056+0000 INFO  creationDate: 2025-05-06T08:56:11.852Z
2026-01-29 14:15:19.059+0000 INFO  Started.
2026-01-29 14:30:36.271+0000 INFO  Neo4j Server shutdown initiated by request
2026-01-29 14:30:36.275+0000 INFO  Stopping...
2026-01-29 14:31:21.146+0000 INFO  Logging config in use: File '/var/lib/neo4j/conf/user-logs.xml'
2026-01-29 14:31:21.201+0000 INFO  Starting...
2026-01-29 14:31:23.018+0000 INFO  This instance is ServerId{ec443550} (ec443550-4a68-4cc6-b235-189e9ae8abde)
2026-01-29 14:31:24.994+0000 INFO  ======== Neo4j 5.26.19 ========
2026-01-29 14:31:32.557+0000 INFO  Anonymous Usage Data is being sent to Neo4j, see https://neo4j.com/docs/usage-data/
2026-01-29 14:31:32.645+0000 INFO  Bolt enabled on 0.0.0.0:7687.
2026-01-29 14:31:34.140+0000 INFO  HTTP enabled on 0.0.0.0:7474.
2026-01-29 14:31:34.142+0000 INFO  Remote interface available at http://localhost:7474/
2026-01-29 14:31:34.148+0000 INFO  id: 9F87E89A496C640F4BCF6814CC29A2C4896FB0FE292BAC74F89E9EE0B858FC67
2026-01-29 14:31:34.150+0000 INFO  name: system
2026-01-29 14:31:34.151+0000 INFO  creationDate: 2025-05-06T08:56:11.852Z
2026-01-29 14:31:34.154+0000 INFO  Started.
2026-01-29 15:03:13.669+0000 INFO  Neo4j Server shutdown initiated by request
2026-01-29 15:03:13.678+0000 INFO  Stopping...
2026-01-29 15:03:35.967+0000 INFO  Logging config in use: File '/var/lib/neo4j/conf/user-logs.xml'
2026-01-29 15:03:35.992+0000 INFO  Starting...
2026-01-29 15:03:40.962+0000 INFO  This instance is ServerId{ec443550} (ec443550-4a68-4cc6-b235-189e9ae8abde)
2026-01-29 15:03:44.230+0000 INFO  ======== Neo4j 5.26.19 ========
2026-01-29 15:04:27.074+0000 INFO  Anonymous Usage Data is being sent to Neo4j, see https://neo4j.com/docs/usage-data/
2026-01-29 15:04:27.182+0000 INFO  Bolt enabled on 0.0.0.0:7687.
2026-01-29 15:04:28.866+0000 INFO  HTTP enabled on 0.0.0.0:7474.
2026-01-29 15:04:28.868+0000 INFO  Remote interface available at http://localhost:7474/
2026-01-29 15:04:28.874+0000 INFO  id: 9F87E89A496C640F4BCF6814CC29A2C4896FB0FE292BAC74F89E9EE0B858FC67
2026-01-29 15:04:28.876+0000 INFO  name: system
2026-01-29 15:04:28.878+0000 INFO  creationDate: 2025-05-06T08:56:11.852Z
2026-01-29 15:04:28.880+0000 INFO  Started.
2026-01-29 15:27:08.362+0000 INFO  Neo4j Server shutdown initiated by request
2026-01-29 15:27:08.365+0000 INFO  Stopping...
2026-01-29 15:27:27.918+0000 INFO  Logging config in use: File '/var/lib/neo4j/conf/user-logs.xml'
2026-01-29 15:27:27.968+0000 INFO  Starting...
2026-01-29 15:27:29.527+0000 INFO  This instance is ServerId{ec443550} (ec443550-4a68-4cc6-b235-189e9ae8abde)
2026-01-29 15:27:31.494+0000 INFO  ======== Neo4j 5.26.19 ========
2026-01-29 15:27:36.787+0000 INFO  Anonymous Usage Data is being sent to Neo4j, see https://neo4j.com/docs/usage-data/
2026-01-29 15:27:36.868+0000 INFO  Bolt enabled on 0.0.0.0:7687.
2026-01-29 15:27:38.559+0000 INFO  HTTP enabled on 0.0.0.0:7474.
2026-01-29 15:27:38.563+0000 INFO  Remote interface available at http://localhost:7474/
2026-01-29 15:27:38.576+0000 INFO  id: 9F87E89A496C640F4BCF6814CC29A2C4896FB0FE292BAC74F89E9EE0B858FC67
2026-01-29 15:27:38.579+0000 INFO  name: system
2026-01-29 15:27:38.583+0000 INFO  creationDate: 2025-05-06T08:56:11.852Z
2026-01-29 15:27:38.585+0000 INFO  Started.
2026-01-29 15:42:41.318+0000 INFO  Neo4j Server shutdown initiated by request
2026-01-29 15:42:41.319+0000 INFO  Stopping...
2026-01-29 15:42:57.958+0000 INFO  Logging config in use: File '/var/lib/neo4j/conf/user-logs.xml'
2026-01-29 15:42:57.989+0000 INFO  Starting...
2026-01-29 15:42:59.283+0000 INFO  This instance is ServerId{ec443550} (ec443550-4a68-4cc6-b235-189e9ae8abde)
2026-01-29 15:43:01.200+0000 INFO  ======== Neo4j 5.26.19 ========
2026-01-29 15:43:06.209+0000 INFO  Anonymous Usage Data is being sent to Neo4j, see https://neo4j.com/docs/usage-data/
2026-01-29 15:43:06.357+0000 INFO  Bolt enabled on 0.0.0.0:7687.
2026-01-29 15:43:07.888+0000 INFO  HTTP enabled on 0.0.0.0:7474.
2026-01-29 15:43:07.890+0000 INFO  Remote interface available at http://localhost:7474/
2026-01-29 15:43:07.898+0000 INFO  id: 9F87E89A496C640F4BCF6814CC29A2C4896FB0FE292BAC74F89E9EE0B858FC67
2026-01-29 15:43:07.899+0000 INFO  name: system
2026-01-29 15:43:07.901+0000 INFO  creationDate: 2025-05-06T08:56:11.852Z
2026-01-29 15:43:07.903+0000 INFO  Started.
2026-01-29 15:49:25.138+0000 INFO  Neo4j Server shutdown initiated by request
2026-01-29 15:49:25.140+0000 INFO  Stopping...
2026-01-29 15:50:20.856+0000 INFO  Logging config in use: File '/var/lib/neo4j/conf/user-logs.xml'
2026-01-29 15:50:20.899+0000 INFO  Starting...
2026-01-29 15:50:22.121+0000 INFO  This instance is ServerId{ec443550} (ec443550-4a68-4cc6-b235-189e9ae8abde)
2026-01-29 15:50:24.192+0000 INFO  ======== Neo4j 5.26.19 ========
2026-01-29 15:50:30.473+0000 INFO  Anonymous Usage Data is being sent to Neo4j, see https://neo4j.com/docs/usage-data/
2026-01-29 15:50:30.605+0000 INFO  Bolt enabled on 0.0.0.0:7687.
2026-01-29 15:50:32.372+0000 INFO  HTTP enabled on 0.0.0.0:7474.
2026-01-29 15:50:32.374+0000 INFO  Remote interface available at http://localhost:7474/
2026-01-29 15:50:32.382+0000 INFO  id: 9F87E89A496C640F4BCF6814CC29A2C4896FB0FE292BAC74F89E9EE0B858FC67
2026-01-29 15:50:32.383+0000 INFO  name: system
2026-01-29 15:50:32.386+0000 INFO  creationDate: 2025-05-06T08:56:11.852Z
2026-01-29 15:50:32.388+0000 INFO  Started.
2026-01-29 16:07:30.706+0000 INFO  Neo4j Server shutdown initiated by request
2026-01-29 16:07:30.708+0000 INFO  Stopping...
2026-01-29 16:07:49.347+0000 INFO  Logging config in use: File '/var/lib/neo4j/conf/user-logs.xml'
2026-01-29 16:07:49.387+0000 INFO  Starting...
2026-01-29 16:07:50.800+0000 INFO  This instance is ServerId{ec443550} (ec443550-4a68-4cc6-b235-189e9ae8abde)
2026-01-29 16:07:53.026+0000 INFO  ======== Neo4j 5.26.19 ========
2026-01-29 16:07:58.297+0000 INFO  Anonymous Usage Data is being sent to Neo4j, see https://neo4j.com/docs/usage-data/
2026-01-29 16:07:58.397+0000 INFO  Bolt enabled on 0.0.0.0:7687.
2026-01-29 16:07:59.871+0000 INFO  HTTP enabled on 0.0.0.0:7474.
2026-01-29 16:07:59.874+0000 INFO  Remote interface available at http://localhost:7474/
2026-01-29 16:07:59.883+0000 INFO  id: 9F87E89A496C640F4BCF6814CC29A2C4896FB0FE292BAC74F89E9EE0B858FC67
2026-01-29 16:07:59.886+0000 INFO  name: system
2026-01-29 16:07:59.888+0000 INFO  creationDate: 2025-05-06T08:56:11.852Z
2026-01-29 16:07:59.891+0000 INFO  Started.
2026-01-29 16:14:06.847+0000 INFO  Neo4j Server shutdown initiated by request
2026-01-29 16:14:06.851+0000 INFO  Stopping...
2026-01-29 16:14:30.693+0000 INFO  Logging config in use: File '/var/lib/neo4j/conf/user-logs.xml'
2026-01-29 16:14:30.738+0000 INFO  Starting...
2026-01-29 16:14:32.515+0000 INFO  This instance is ServerId{ec443550} (ec443550-4a68-4cc6-b235-189e9ae8abde)
2026-01-29 16:14:34.249+0000 INFO  ======== Neo4j 5.26.19 ========
2026-01-29 16:14:40.218+0000 INFO  Anonymous Usage Data is being sent to Neo4j, see https://neo4j.com/docs/usage-data/
2026-01-29 16:14:40.317+0000 INFO  Bolt enabled on 0.0.0.0:7687.
2026-01-29 16:14:41.911+0000 INFO  HTTP enabled on 0.0.0.0:7474.
2026-01-29 16:14:41.914+0000 INFO  Remote interface available at http://localhost:7474/
2026-01-29 16:14:41.926+0000 INFO  id: 9F87E89A496C640F4BCF6814CC29A2C4896FB0FE292BAC74F89E9EE0B858FC67
2026-01-29 16:14:41.929+0000 INFO  name: system
2026-01-29 16:14:41.932+0000 INFO  creationDate: 2025-05-06T08:56:11.852Z
2026-01-29 16:14:41.935+0000 INFO  Started.
2026-01-29 16:36:05.621+0000 INFO  Neo4j Server shutdown initiated by request
2026-01-29 16:36:05.624+0000 INFO  Stopping...
2026-01-29 16:36:28.033+0000 INFO  Logging config in use: File '/var/lib/neo4j/conf/user-logs.xml'
2026-01-29 16:36:28.079+0000 INFO  Starting...
2026-01-29 16:36:29.409+0000 INFO  This instance is ServerId{ec443550} (ec443550-4a68-4cc6-b235-189e9ae8abde)
2026-01-29 16:36:31.467+0000 INFO  ======== Neo4j 5.26.19 ========
2026-01-29 16:36:36.421+0000 INFO  Anonymous Usage Data is being sent to Neo4j, see https://neo4j.com/docs/usage-data/
2026-01-29 16:36:36.507+0000 INFO  Bolt enabled on 0.0.0.0:7687.
2026-01-29 16:36:38.955+0000 INFO  HTTP enabled on 0.0.0.0:7474.
2026-01-29 16:36:38.957+0000 INFO  Remote interface available at http://localhost:7474/
2026-01-29 16:36:38.964+0000 INFO  id: 9F87E89A496C640F4BCF6814CC29A2C4896FB0FE292BAC74F89E9EE0B858FC67
2026-01-29 16:36:38.967+0000 INFO  name: system
2026-01-29 16:36:38.969+0000 INFO  creationDate: 2025-05-06T08:56:11.852Z
2026-01-29 16:36:38.971+0000 INFO  Started.
2026-01-29 16:45:53.121+0000 INFO  Logging config in use: File '/var/lib/neo4j/conf/user-logs.xml'
2026-01-29 16:45:53.197+0000 INFO  Starting...
2026-01-29 16:45:54.590+0000 INFO  This instance is ServerId{ec443550} (ec443550-4a68-4cc6-b235-189e9ae8abde)
2026-01-29 16:45:56.802+0000 INFO  ======== Neo4j 5.26.19 ========
2026-01-29 16:46:01.700+0000 INFO  Anonymous Usage Data is being sent to Neo4j, see https://neo4j.com/docs/usage-data/
2026-01-29 16:46:01.777+0000 INFO  Bolt enabled on 0.0.0.0:7687.
2026-01-29 16:46:03.759+0000 INFO  HTTP enabled on 0.0.0.0:7474.
2026-01-29 16:46:03.763+0000 INFO  Remote interface available at http://localhost:7474/
2026-01-29 16:46:03.774+0000 INFO  id: 9F87E89A496C640F4BCF6814CC29A2C4896FB0FE292BAC74F89E9EE0B858FC67
2026-01-29 16:46:03.777+0000 INFO  name: system
2026-01-29 16:46:03.779+0000 INFO  creationDate: 2025-05-06T08:56:11.852Z
2026-01-29 16:46:03.782+0000 INFO  Started.
2026-02-05 12:51:59.285+0000 INFO  Logging config in use: File '/var/lib/neo4j/conf/user-logs.xml'
2026-02-05 12:51:59.322+0000 INFO  Starting...
2026-02-05 12:52:00.998+0000 INFO  This instance is ServerId{ec443550} (ec443550-4a68-4cc6-b235-189e9ae8abde)
2026-02-05 12:52:03.734+0000 INFO  ======== Neo4j 5.26.19 ========
2026-02-05 12:52:10.926+0000 INFO  Anonymous Usage Data is being sent to Neo4j, see https://neo4j.com/docs/usage-data/
2026-02-05 12:52:11.034+0000 INFO  Bolt enabled on 0.0.0.0:7687.
2026-02-05 12:52:15.787+0000 INFO  HTTP enabled on 0.0.0.0:7474.
2026-02-05 12:52:15.791+0000 INFO  Remote interface available at http://localhost:7474/
2026-02-05 12:52:15.800+0000 INFO  id: 9F87E89A496C640F4BCF6814CC29A2C4896FB0FE292BAC74F89E9EE0B858FC67
2026-02-05 12:52:15.803+0000 INFO  name: system
2026-02-05 12:52:15.804+0000 INFO  creationDate: 2025-05-06T08:56:11.852Z
2026-02-05 12:52:15.806+0000 INFO  Started.
2026-02-05 15:37:36.061+0000 INFO  Neo4j Server shutdown initiated by request
2026-02-05 15:37:36.194+0000 INFO  Stopping...
2026-02-05 16:04:29.493+0000 INFO  Logging config in use: File '/var/lib/neo4j/conf/user-logs.xml'
2026-02-05 16:04:29.535+0000 INFO  Starting...
2026-02-05 16:04:31.417+0000 INFO  This instance is ServerId{ec443550} (ec443550-4a68-4cc6-b235-189e9ae8abde)
2026-02-05 16:04:35.697+0000 INFO  ======== Neo4j 5.26.19 ========
2026-02-05 16:04:48.125+0000 INFO  Anonymous Usage Data is being sent to Neo4j, see https://neo4j.com/docs/usage-data/
2026-02-05 16:04:48.211+0000 INFO  Bolt enabled on 0.0.0.0:7687.
2026-02-05 16:04:49.999+0000 INFO  HTTP enabled on 0.0.0.0:7474.
2026-02-05 16:04:50.004+0000 INFO  Remote interface available at http://localhost:7474/
2026-02-05 16:04:50.017+0000 INFO  id: 9F87E89A496C640F4BCF6814CC29A2C4896FB0FE292BAC74F89E9EE0B858FC67
2026-02-05 16:04:50.022+0000 INFO  name: system
2026-02-05 16:04:50.027+0000 INFO  creationDate: 2025-05-06T08:56:11.852Z
2026-02-05 16:04:50.030+0000 INFO  Started.
2026-02-05 16:08:47.746+0000 INFO  Neo4j Server shutdown initiated by request
2026-02-05 16:08:47.750+0000 INFO  Stopping...
2026-02-05 16:15:38.017+0000 INFO  Logging config in use: File '/var/lib/neo4j/conf/user-logs.xml'
2026-02-05 16:15:38.072+0000 INFO  Starting...
2026-02-05 16:15:39.332+0000 INFO  This instance is ServerId{ec443550} (ec443550-4a68-4cc6-b235-189e9ae8abde)
2026-02-05 16:15:41.010+0000 INFO  ======== Neo4j 5.26.19 ========
2026-02-05 16:16:02.406+0000 INFO  Anonymous Usage Data is being sent to Neo4j, see https://neo4j.com/docs/usage-data/
2026-02-05 16:16:02.484+0000 INFO  Bolt enabled on 0.0.0.0:7687.
2026-02-05 16:16:03.818+0000 INFO  HTTP enabled on 0.0.0.0:7474.
2026-02-05 16:16:03.820+0000 INFO  Remote interface available at http://localhost:7474/
2026-02-05 16:16:03.827+0000 INFO  id: 9F87E89A496C640F4BCF6814CC29A2C4896FB0FE292BAC74F89E9EE0B858FC67
2026-02-05 16:16:03.829+0000 INFO  name: system
2026-02-05 16:16:03.831+0000 INFO  creationDate: 2025-05-06T08:56:11.852Z
2026-02-05 16:16:03.833+0000 INFO  Started.
2026-02-05 16:18:15.061+0000 INFO  Neo4j Server shutdown initiated by request
2026-02-05 16:18:15.064+0000 INFO  Stopping...
2026-02-05 16:18:31.406+0000 INFO  Logging config in use: File '/var/lib/neo4j/conf/user-logs.xml'
2026-02-05 16:18:31.460+0000 INFO  Starting...
2026-02-05 16:18:32.942+0000 INFO  This instance is ServerId{ec443550} (ec443550-4a68-4cc6-b235-189e9ae8abde)
2026-02-05 16:18:35.044+0000 INFO  ======== Neo4j 5.26.19 ========
2026-02-05 16:18:43.144+0000 INFO  Anonymous Usage Data is being sent to Neo4j, see https://neo4j.com/docs/usage-data/
2026-02-05 16:18:43.301+0000 INFO  Bolt enabled on 0.0.0.0:7687.
2026-02-05 16:18:45.260+0000 INFO  HTTP enabled on 0.0.0.0:7474.
2026-02-05 16:18:45.262+0000 INFO  Remote interface available at http://localhost:7474/
2026-02-05 16:18:45.271+0000 INFO  id: 9F87E89A496C640F4BCF6814CC29A2C4896FB0FE292BAC74F89E9EE0B858FC67
2026-02-05 16:18:45.273+0000 INFO  name: system
2026-02-05 16:18:45.275+0000 INFO  creationDate: 2025-05-06T08:56:11.852Z
2026-02-05 16:18:45.277+0000 INFO  Started.
2026-02-05 16:19:29.051+0000 INFO  Neo4j Server shutdown initiated by request
2026-02-05 16:19:29.053+0000 INFO  Stopping...
2026-02-05 16:35:04.915+0000 INFO  Logging config in use: File '/var/lib/neo4j/conf/user-logs.xml'
2026-02-05 16:35:04.951+0000 INFO  Starting...
2026-02-05 16:35:07.688+0000 INFO  This instance is ServerId{ec443550} (ec443550-4a68-4cc6-b235-189e9ae8abde)
2026-02-05 16:35:09.836+0000 INFO  ======== Neo4j 5.26.19 ========
2026-02-05 16:35:16.354+0000 INFO  Anonymous Usage Data is being sent to Neo4j, see https://neo4j.com/docs/usage-data/
2026-02-05 16:35:16.441+0000 INFO  Bolt enabled on 0.0.0.0:7687.
2026-02-05 16:35:19.622+0000 INFO  HTTP enabled on 0.0.0.0:7474.
2026-02-05 16:35:19.625+0000 INFO  Remote interface available at http://localhost:7474/
2026-02-05 16:35:19.636+0000 INFO  id: 9F87E89A496C640F4BCF6814CC29A2C4896FB0FE292BAC74F89E9EE0B858FC67
2026-02-05 16:35:19.638+0000 INFO  name: system
2026-02-05 16:35:19.640+0000 INFO  creationDate: 2025-05-06T08:56:11.852Z
2026-02-05 16:35:19.643+0000 INFO  Started.
2026-02-05 16:43:13.848+0000 INFO  Neo4j Server shutdown initiated by request
2026-02-05 16:43:13.850+0000 INFO  Stopping...
2026-02-05 16:59:55.577+0000 INFO  Logging config in use: File '/var/lib/neo4j/conf/user-logs.xml'
2026-02-05 16:59:55.679+0000 INFO  Starting...
2026-02-05 16:59:57.894+0000 INFO  This instance is ServerId{ec443550} (ec443550-4a68-4cc6-b235-189e9ae8abde)
2026-02-05 17:00:00.297+0000 INFO  ======== Neo4j 5.26.19 ========
2026-02-05 17:00:09.671+0000 INFO  Anonymous Usage Data is being sent to Neo4j, see https://neo4j.com/docs/usage-data/
2026-02-05 17:00:09.815+0000 INFO  Bolt enabled on 0.0.0.0:7687.
2026-02-05 17:00:11.965+0000 INFO  HTTP enabled on 0.0.0.0:7474.
2026-02-05 17:00:11.968+0000 INFO  Remote interface available at http://localhost:7474/
2026-02-05 17:00:11.984+0000 INFO  id: 9F87E89A496C640F4BCF6814CC29A2C4896FB0FE292BAC74F89E9EE0B858FC67
2026-02-05 17:00:11.986+0000 INFO  name: system
2026-02-05 17:00:11.991+0000 INFO  creationDate: 2025-05-06T08:56:11.852Z
2026-02-05 17:00:11.994+0000 INFO  Started.
2026-02-05 17:07:50.886+0000 INFO  Neo4j Server shutdown initiated by request
2026-02-05 17:07:50.892+0000 INFO  Stopping...
2026-02-05 17:37:33.400+0000 INFO  Logging config in use: File '/var/lib/neo4j/conf/user-logs.xml'
2026-02-05 17:37:33.480+0000 INFO  Starting...
2026-02-05 17:37:35.155+0000 INFO  This instance is ServerId{ec443550} (ec443550-4a68-4cc6-b235-189e9ae8abde)
2026-02-05 17:37:37.092+0000 INFO  ======== Neo4j 5.26.19 ========
2026-02-05 17:37:45.667+0000 INFO  Anonymous Usage Data is being sent to Neo4j, see https://neo4j.com/docs/usage-data/
2026-02-05 17:37:45.966+0000 INFO  Bolt enabled on 0.0.0.0:7687.
2026-02-05 17:37:48.953+0000 INFO  HTTP enabled on 0.0.0.0:7474.
2026-02-05 17:37:48.955+0000 INFO  Remote interface available at http://localhost:7474/
2026-02-05 17:37:48.962+0000 INFO  id: 9F87E89A496C640F4BCF6814CC29A2C4896FB0FE292BAC74F89E9EE0B858FC67
2026-02-05 17:37:48.964+0000 INFO  name: system
2026-02-05 17:37:48.966+0000 INFO  creationDate: 2025-05-06T08:56:11.852Z
2026-02-05 17:37:48.967+0000 INFO  Started.
2026-02-10 10:23:37.529+0000 INFO  Logging config in use: File '/var/lib/neo4j/conf/user-logs.xml'
2026-02-10 10:23:37.601+0000 INFO  Starting...
2026-02-10 10:23:40.160+0000 INFO  This instance is ServerId{ec443550} (ec443550-4a68-4cc6-b235-189e9ae8abde)
2026-02-10 10:23:43.827+0000 INFO  ======== Neo4j 5.26.19 ========
2026-02-10 10:23:54.458+0000 INFO  Anonymous Usage Data is being sent to Neo4j, see https://neo4j.com/docs/usage-data/
2026-02-10 10:23:54.572+0000 INFO  Bolt enabled on 0.0.0.0:7687.
2026-02-10 10:23:57.381+0000 INFO  HTTP enabled on 0.0.0.0:7474.
2026-02-10 10:23:57.387+0000 INFO  Remote interface available at http://localhost:7474/
2026-02-10 10:23:57.399+0000 INFO  id: 9F87E89A496C640F4BCF6814CC29A2C4896FB0FE292BAC74F89E9EE0B858FC67
2026-02-10 10:23:57.403+0000 INFO  name: system
2026-02-10 10:23:57.405+0000 INFO  creationDate: 2025-05-06T08:56:11.852Z
2026-02-10 10:23:57.407+0000 INFO  Started.
2026-02-12 10:15:56.862+0000 INFO  Logging config in use: File '/var/lib/neo4j/conf/user-logs.xml'
2026-02-12 10:15:58.504+0000 INFO  Starting...
2026-02-12 10:16:13.074+0000 INFO  This instance is ServerId{ec443550} (ec443550-4a68-4cc6-b235-189e9ae8abde)
2026-02-12 10:16:19.535+0000 INFO  ======== Neo4j 5.26.19 ========
2026-02-12 10:16:52.868+0000 INFO  Anonymous Usage Data is being sent to Neo4j, see https://neo4j.com/docs/usage-data/
2026-02-12 10:16:53.104+0000 INFO  Bolt enabled on 0.0.0.0:7687.
2026-02-12 10:17:19.162+0000 INFO  HTTP enabled on 0.0.0.0:7474.
2026-02-12 10:17:19.165+0000 INFO  Remote interface available at http://localhost:7474/
2026-02-12 10:17:19.172+0000 INFO  id: 9F87E89A496C640F4BCF6814CC29A2C4896FB0FE292BAC74F89E9EE0B858FC67
2026-02-12 10:17:19.174+0000 INFO  name: system
2026-02-12 10:17:19.175+0000 INFO  creationDate: 2025-05-06T08:56:11.852Z
2026-02-12 10:17:19.177+0000 INFO  Started.
2026-02-12 10:18:19.800+0000 INFO  Neo4j Server shutdown initiated by request
2026-02-12 10:18:19.805+0000 INFO  Stopping...
2026-02-12 10:33:28.134+0000 INFO  Logging config in use: File '/var/lib/neo4j/conf/user-logs.xml'
2026-02-12 10:33:28.180+0000 INFO  Starting...
2026-02-12 10:33:30.583+0000 INFO  This instance is ServerId{ec443550} (ec443550-4a68-4cc6-b235-189e9ae8abde)
2026-02-12 10:33:34.054+0000 INFO  ======== Neo4j 5.26.19 ========
2026-02-12 10:33:49.635+0000 INFO  Anonymous Usage Data is being sent to Neo4j, see https://neo4j.com/docs/usage-data/
2026-02-12 10:33:49.790+0000 INFO  Bolt enabled on 0.0.0.0:7687.
2026-02-12 10:33:55.090+0000 INFO  HTTP enabled on 0.0.0.0:7474.
2026-02-12 10:33:55.100+0000 INFO  Remote interface available at http://localhost:7474/
2026-02-12 10:33:55.111+0000 INFO  id: 9F87E89A496C640F4BCF6814CC29A2C4896FB0FE292BAC74F89E9EE0B858FC67
2026-02-12 10:33:55.113+0000 INFO  name: system
2026-02-12 10:33:55.115+0000 INFO  creationDate: 2025-05-06T08:56:11.852Z
2026-02-12 10:33:55.118+0000 INFO  Started.
2026-02-12 10:39:42.392+0000 INFO  Neo4j Server shutdown initiated by request
2026-02-12 10:39:42.395+0000 INFO  Stopping...
2026-02-12 10:40:15.551+0000 INFO  Logging config in use: File '/var/lib/neo4j/conf/user-logs.xml'
2026-02-12 10:40:15.609+0000 INFO  Starting...
2026-02-12 10:40:18.179+0000 INFO  This instance is ServerId{ec443550} (ec443550-4a68-4cc6-b235-189e9ae8abde)
2026-02-12 10:40:20.558+0000 INFO  ======== Neo4j 5.26.19 ========
2026-02-12 10:40:26.552+0000 INFO  Anonymous Usage Data is being sent to Neo4j, see https://neo4j.com/docs/usage-data/
2026-02-12 10:40:26.691+0000 INFO  Bolt enabled on 0.0.0.0:7687.
2026-02-12 10:40:28.504+0000 INFO  HTTP enabled on 0.0.0.0:7474.
2026-02-12 10:40:28.507+0000 INFO  Remote interface available at http://localhost:7474/
2026-02-12 10:40:28.519+0000 INFO  id: 9F87E89A496C640F4BCF6814CC29A2C4896FB0FE292BAC74F89E9EE0B858FC67
2026-02-12 10:40:28.522+0000 INFO  name: system
2026-02-12 10:40:28.525+0000 INFO  creationDate: 2025-05-06T08:56:11.852Z
2026-02-12 10:40:28.528+0000 INFO  Started.
2026-02-12 11:02:24.914+0000 INFO  Neo4j Server shutdown initiated by request
2026-02-12 11:02:24.917+0000 INFO  Stopping...
2026-02-12 11:02:51.901+0000 INFO  Logging config in use: File '/var/lib/neo4j/conf/user-logs.xml'
2026-02-12 11:02:51.954+0000 INFO  Starting...
2026-02-12 11:02:53.706+0000 INFO  This instance is ServerId{ec443550} (ec443550-4a68-4cc6-b235-189e9ae8abde)
2026-02-12 11:02:57.122+0000 INFO  ======== Neo4j 5.26.19 ========
2026-02-12 11:03:03.216+0000 INFO  Anonymous Usage Data is being sent to Neo4j, see https://neo4j.com/docs/usage-data/
2026-02-12 11:03:03.324+0000 INFO  Bolt enabled on 0.0.0.0:7687.
2026-02-12 11:03:05.334+0000 INFO  HTTP enabled on 0.0.0.0:7474.
2026-02-12 11:03:05.337+0000 INFO  Remote interface available at http://localhost:7474/
2026-02-12 11:03:05.348+0000 INFO  id: 9F87E89A496C640F4BCF6814CC29A2C4896FB0FE292BAC74F89E9EE0B858FC67
2026-02-12 11:03:05.350+0000 INFO  name: system
2026-02-12 11:03:05.352+0000 INFO  creationDate: 2025-05-06T08:56:11.852Z
2026-02-12 11:03:05.356+0000 INFO  Started.
2026-02-12 11:14:39.094+0000 INFO  Neo4j Server shutdown initiated by request
2026-02-12 11:14:39.097+0000 INFO  Stopping...
2026-02-12 11:28:39.208+0000 INFO  Logging config in use: File '/var/lib/neo4j/conf/user-logs.xml'
2026-02-12 11:28:39.264+0000 INFO  Starting...
2026-02-12 11:28:42.479+0000 INFO  This instance is ServerId{ec443550} (ec443550-4a68-4cc6-b235-189e9ae8abde)
2026-02-12 11:28:45.486+0000 INFO  ======== Neo4j 5.26.19 ========
2026-02-12 11:28:56.171+0000 INFO  Anonymous Usage Data is being sent to Neo4j, see https://neo4j.com/docs/usage-data/
2026-02-12 11:28:56.419+0000 INFO  Bolt enabled on 0.0.0.0:7687.
2026-02-12 11:29:01.533+0000 INFO  HTTP enabled on 0.0.0.0:7474.
2026-02-12 11:29:01.536+0000 INFO  Remote interface available at http://localhost:7474/
2026-02-12 11:29:01.547+0000 INFO  id: 9F87E89A496C640F4BCF6814CC29A2C4896FB0FE292BAC74F89E9EE0B858FC67
2026-02-12 11:29:01.550+0000 INFO  name: system
2026-02-12 11:29:01.553+0000 INFO  creationDate: 2025-05-06T08:56:11.852Z
2026-02-12 11:29:01.555+0000 INFO  Started.
2026-02-12 11:53:34.865+0000 INFO  Neo4j Server shutdown initiated by request
2026-02-12 11:53:34.909+0000 INFO  Stopping...
2026-02-12 12:09:37.054+0000 INFO  Logging config in use: File '/var/lib/neo4j/conf/user-logs.xml'
2026-02-12 12:09:37.128+0000 INFO  Starting...
2026-02-12 12:09:39.597+0000 INFO  This instance is ServerId{ec443550} (ec443550-4a68-4cc6-b235-189e9ae8abde)
2026-02-12 12:09:42.055+0000 INFO  ======== Neo4j 5.26.19 ========
2026-02-12 12:09:49.425+0000 INFO  Anonymous Usage Data is being sent to Neo4j, see https://neo4j.com/docs/usage-data/
2026-02-12 12:09:49.539+0000 INFO  Bolt enabled on 0.0.0.0:7687.
2026-02-12 12:09:51.198+0000 INFO  HTTP enabled on 0.0.0.0:7474.
2026-02-12 12:09:51.201+0000 INFO  Remote interface available at http://localhost:7474/
2026-02-12 12:09:51.209+0000 INFO  id: 9F87E89A496C640F4BCF6814CC29A2C4896FB0FE292BAC74F89E9EE0B858FC67
2026-02-12 12:09:51.212+0000 INFO  name: system
2026-02-12 12:09:51.214+0000 INFO  creationDate: 2025-05-06T08:56:11.852Z
2026-02-12 12:09:51.216+0000 INFO  Started.
2026-02-12 14:45:53.027+0000 INFO  Neo4j Server shutdown initiated by request
2026-02-12 14:45:53.094+0000 INFO  Stopping...
2026-02-12 14:57:13.281+0000 INFO  Logging config in use: File '/var/lib/neo4j/conf/user-logs.xml'
2026-02-12 14:57:13.360+0000 INFO  Starting...
2026-02-12 14:57:15.982+0000 INFO  This instance is ServerId{ec443550} (ec443550-4a68-4cc6-b235-189e9ae8abde)
2026-02-12 14:57:18.485+0000 INFO  ======== Neo4j 5.26.19 ========
2026-02-12 14:57:25.404+0000 INFO  Anonymous Usage Data is being sent to Neo4j, see https://neo4j.com/docs/usage-data/
2026-02-12 14:57:25.495+0000 INFO  Bolt enabled on 0.0.0.0:7687.
2026-02-12 14:57:27.133+0000 INFO  HTTP enabled on 0.0.0.0:7474.
2026-02-12 14:57:27.137+0000 INFO  Remote interface available at http://localhost:7474/
2026-02-12 14:57:27.147+0000 INFO  id: 9F87E89A496C640F4BCF6814CC29A2C4896FB0FE292BAC74F89E9EE0B858FC67
2026-02-12 14:57:27.150+0000 INFO  name: system
2026-02-12 14:57:27.152+0000 INFO  creationDate: 2025-05-06T08:56:11.852Z
2026-02-12 14:57:27.154+0000 INFO  Started.
2026-02-12 15:06:28.870+0000 INFO  Neo4j Server shutdown initiated by request
2026-02-12 15:06:28.875+0000 INFO  Stopping...
2026-02-12 15:14:48.411+0000 INFO  Logging config in use: File '/var/lib/neo4j/conf/user-logs.xml'
2026-02-12 15:14:48.447+0000 INFO  Starting...
2026-02-12 15:14:49.993+0000 INFO  This instance is ServerId{ec443550} (ec443550-4a68-4cc6-b235-189e9ae8abde)
2026-02-12 15:14:52.164+0000 INFO  ======== Neo4j 5.26.19 ========
2026-02-12 15:14:59.260+0000 INFO  Anonymous Usage Data is being sent to Neo4j, see https://neo4j.com/docs/usage-data/
2026-02-12 15:14:59.443+0000 INFO  Bolt enabled on 0.0.0.0:7687.
2026-02-12 15:15:01.353+0000 INFO  HTTP enabled on 0.0.0.0:7474.
2026-02-12 15:15:01.357+0000 INFO  Remote interface available at http://localhost:7474/
2026-02-12 15:15:01.369+0000 INFO  id: 9F87E89A496C640F4BCF6814CC29A2C4896FB0FE292BAC74F89E9EE0B858FC67
2026-02-12 15:15:01.372+0000 INFO  name: system
2026-02-12 15:15:01.374+0000 INFO  creationDate: 2025-05-06T08:56:11.852Z
2026-02-12 15:15:01.376+0000 INFO  Started.
2026-02-12 15:19:46.694+0000 INFO  Neo4j Server shutdown initiated by request
2026-02-12 15:19:46.695+0000 INFO  Stopping...
2026-02-12 15:28:03.276+0000 INFO  Logging config in use: File '/var/lib/neo4j/conf/user-logs.xml'
2026-02-12 15:28:03.338+0000 INFO  Starting...
2026-02-12 15:28:05.720+0000 INFO  This instance is ServerId{ec443550} (ec443550-4a68-4cc6-b235-189e9ae8abde)
2026-02-12 15:28:08.839+0000 INFO  ======== Neo4j 5.26.19 ========
2026-02-12 15:28:17.403+0000 INFO  Anonymous Usage Data is being sent to Neo4j, see https://neo4j.com/docs/usage-data/
2026-02-12 15:28:17.522+0000 INFO  Bolt enabled on 0.0.0.0:7687.
2026-02-12 15:28:20.437+0000 INFO  HTTP enabled on 0.0.0.0:7474.
2026-02-12 15:28:20.441+0000 INFO  Remote interface available at http://localhost:7474/
2026-02-12 15:28:20.457+0000 INFO  id: 9F87E89A496C640F4BCF6814CC29A2C4896FB0FE292BAC74F89E9EE0B858FC67
2026-02-12 15:28:20.461+0000 INFO  name: system
2026-02-12 15:28:20.464+0000 INFO  creationDate: 2025-05-06T08:56:11.852Z
2026-02-12 15:28:20.469+0000 INFO  Started.
2026-02-12 15:47:03.127+0000 INFO  Neo4j Server shutdown initiated by request
2026-02-12 15:47:03.136+0000 INFO  Stopping...
2026-02-12 15:55:18.282+0000 INFO  Logging config in use: File '/var/lib/neo4j/conf/user-logs.xml'
2026-02-12 15:55:18.369+0000 INFO  Starting...
2026-02-12 15:55:23.368+0000 INFO  This instance is ServerId{ec443550} (ec443550-4a68-4cc6-b235-189e9ae8abde)
2026-02-12 15:55:39.895+0000 INFO  ======== Neo4j 5.26.19 ========
2026-02-12 15:55:46.214+0000 INFO  Anonymous Usage Data is being sent to Neo4j, see https://neo4j.com/docs/usage-data/
2026-02-12 15:55:46.291+0000 INFO  Bolt enabled on 0.0.0.0:7687.
2026-02-12 15:55:47.628+0000 INFO  HTTP enabled on 0.0.0.0:7474.
2026-02-12 15:55:47.630+0000 INFO  Remote interface available at http://localhost:7474/
2026-02-12 15:55:47.637+0000 INFO  id: 9F87E89A496C640F4BCF6814CC29A2C4896FB0FE292BAC74F89E9EE0B858FC67
2026-02-12 15:55:47.639+0000 INFO  name: system
2026-02-12 15:55:47.640+0000 INFO  creationDate: 2025-05-06T08:56:11.852Z
2026-02-12 15:55:47.642+0000 INFO  Started.
2026-02-12 16:28:46.019+0000 INFO  Neo4j Server shutdown initiated by request
2026-02-12 16:28:46.043+0000 INFO  Stopping...
2026-02-12 16:37:26.164+0000 INFO  Logging config in use: File '/var/lib/neo4j/conf/user-logs.xml'
2026-02-12 16:37:26.204+0000 INFO  Starting...
2026-02-12 16:37:28.881+0000 INFO  This instance is ServerId{ec443550} (ec443550-4a68-4cc6-b235-189e9ae8abde)
2026-02-12 16:37:32.483+0000 INFO  ======== Neo4j 5.26.19 ========
2026-02-12 16:37:39.646+0000 INFO  Anonymous Usage Data is being sent to Neo4j, see https://neo4j.com/docs/usage-data/
2026-02-12 16:37:39.761+0000 INFO  Bolt enabled on 0.0.0.0:7687.
2026-02-12 16:37:41.571+0000 INFO  HTTP enabled on 0.0.0.0:7474.
2026-02-12 16:37:41.573+0000 INFO  Remote interface available at http://localhost:7474/
2026-02-12 16:37:41.584+0000 INFO  id: 9F87E89A496C640F4BCF6814CC29A2C4896FB0FE292BAC74F89E9EE0B858FC67
2026-02-12 16:37:41.587+0000 INFO  name: system
2026-02-12 16:37:41.590+0000 INFO  creationDate: 2025-05-06T08:56:11.852Z
2026-02-12 16:37:41.593+0000 INFO  Started.
2026-02-16 10:17:18.969+0000 INFO  Logging config in use: File '/var/lib/neo4j/conf/user-logs.xml'
2026-02-16 10:17:19.036+0000 INFO  Starting...
2026-02-16 10:17:22.546+0000 INFO  This instance is ServerId{ec443550} (ec443550-4a68-4cc6-b235-189e9ae8abde)
2026-02-16 10:17:29.564+0000 INFO  ======== Neo4j 5.26.19 ========
2026-02-16 10:18:09.131+0000 INFO  Anonymous Usage Data is being sent to Neo4j, see https://neo4j.com/docs/usage-data/
2026-02-16 10:18:12.129+0000 INFO  Bolt enabled on 0.0.0.0:7687.
2026-02-16 10:18:27.811+0000 INFO  HTTP enabled on 0.0.0.0:7474.
2026-02-16 10:18:27.829+0000 INFO  Remote interface available at http://localhost:7474/
2026-02-16 10:18:27.882+0000 INFO  id: 9F87E89A496C640F4BCF6814CC29A2C4896FB0FE292BAC74F89E9EE0B858FC67
2026-02-16 10:18:27.893+0000 INFO  name: system
2026-02-16 10:18:27.902+0000 INFO  creationDate: 2025-05-06T08:56:11.852Z
2026-02-16 10:18:27.908+0000 INFO  Started.
2026-02-16 11:29:35.766+0000 INFO  Neo4j Server shutdown initiated by request
2026-02-16 11:29:35.791+0000 INFO  Stopping...
2026-02-16 11:34:39.892+0000 INFO  Logging config in use: File '/var/lib/neo4j/conf/user-logs.xml'
2026-02-16 11:34:39.941+0000 INFO  Starting...
2026-02-16 11:34:41.974+0000 INFO  This instance is ServerId{ec443550} (ec443550-4a68-4cc6-b235-189e9ae8abde)
2026-02-16 11:34:44.470+0000 INFO  ======== Neo4j 5.26.19 ========
2026-02-16 11:34:58.881+0000 INFO  Anonymous Usage Data is being sent to Neo4j, see https://neo4j.com/docs/usage-data/
2026-02-16 11:34:59.019+0000 INFO  Bolt enabled on 0.0.0.0:7687.
2026-02-16 11:35:00.904+0000 INFO  HTTP enabled on 0.0.0.0:7474.
2026-02-16 11:35:00.906+0000 INFO  Remote interface available at http://localhost:7474/
2026-02-16 11:35:00.915+0000 INFO  id: 9F87E89A496C640F4BCF6814CC29A2C4896FB0FE292BAC74F89E9EE0B858FC67
2026-02-16 11:35:00.917+0000 INFO  name: system
2026-02-16 11:35:00.919+0000 INFO  creationDate: 2025-05-06T08:56:11.852Z
2026-02-16 11:35:00.920+0000 INFO  Started.
2026-02-16 13:29:50.407+0000 INFO  Neo4j Server shutdown initiated by request
2026-02-16 13:29:50.431+0000 INFO  Stopping...
2026-02-16 13:30:45.337+0000 INFO  Logging config in use: File '/var/lib/neo4j/conf/user-logs.xml'
2026-02-16 13:30:45.418+0000 INFO  Starting...
2026-02-16 13:30:47.065+0000 INFO  This instance is ServerId{ec443550} (ec443550-4a68-4cc6-b235-189e9ae8abde)
2026-02-16 13:30:49.281+0000 INFO  ======== Neo4j 5.26.19 ========
2026-02-16 13:30:57.020+0000 INFO  Anonymous Usage Data is being sent to Neo4j, see https://neo4j.com/docs/usage-data/
2026-02-16 13:30:57.119+0000 INFO  Bolt enabled on 0.0.0.0:7687.
2026-02-16 13:30:59.238+0000 INFO  HTTP enabled on 0.0.0.0:7474.
2026-02-16 13:30:59.243+0000 INFO  Remote interface available at http://localhost:7474/
2026-02-16 13:30:59.260+0000 INFO  id: 9F87E89A496C640F4BCF6814CC29A2C4896FB0FE292BAC74F89E9EE0B858FC67
2026-02-16 13:30:59.264+0000 INFO  name: system
2026-02-16 13:30:59.268+0000 INFO  creationDate: 2025-05-06T08:56:11.852Z
2026-02-16 13:30:59.274+0000 INFO  Started.
2026-02-16 13:31:50.677+0000 INFO  Neo4j Server shutdown initiated by request
2026-02-16 13:31:50.679+0000 INFO  Stopping...
2026-02-16 13:32:13.052+0000 INFO  Logging config in use: File '/var/lib/neo4j/conf/user-logs.xml'
2026-02-16 13:32:13.140+0000 INFO  Starting...
2026-02-16 13:32:14.783+0000 INFO  This instance is ServerId{ec443550} (ec443550-4a68-4cc6-b235-189e9ae8abde)
2026-02-16 13:32:17.001+0000 INFO  ======== Neo4j 5.26.19 ========
2026-02-16 13:32:22.935+0000 INFO  Anonymous Usage Data is being sent to Neo4j, see https://neo4j.com/docs/usage-data/
2026-02-16 13:32:23.045+0000 INFO  Bolt enabled on 0.0.0.0:7687.
2026-02-16 13:32:24.792+0000 INFO  HTTP enabled on 0.0.0.0:7474.
2026-02-16 13:32:24.795+0000 INFO  Remote interface available at http://localhost:7474/
2026-02-16 13:32:24.804+0000 INFO  id: 9F87E89A496C640F4BCF6814CC29A2C4896FB0FE292BAC74F89E9EE0B858FC67
2026-02-16 13:32:24.807+0000 INFO  name: system
2026-02-16 13:32:24.809+0000 INFO  creationDate: 2025-05-06T08:56:11.852Z
2026-02-16 13:32:24.812+0000 INFO  Started.
2026-02-18 11:03:53.041+0000 INFO  Neo4j Server shutdown initiated by request
2026-02-18 11:03:53.050+0000 INFO  Stopping...
2026-02-18 11:04:37.921+0000 INFO  Logging config in use: File '/var/lib/neo4j/conf/user-logs.xml'
2026-02-18 11:04:38.361+0000 INFO  Starting...
2026-02-18 11:04:45.825+0000 INFO  This instance is ServerId{ec443550} (ec443550-4a68-4cc6-b235-189e9ae8abde)
2026-02-18 11:04:59.025+0000 INFO  ======== Neo4j 5.26.19 ========
2026-02-18 11:05:17.123+0000 INFO  Anonymous Usage Data is being sent to Neo4j, see https://neo4j.com/docs/usage-data/
2026-02-18 11:05:17.302+0000 INFO  Bolt enabled on 0.0.0.0:7687.
2026-02-18 11:05:19.333+0000 INFO  HTTP enabled on 0.0.0.0:7474.
2026-02-18 11:05:19.336+0000 INFO  Remote interface available at http://localhost:7474/
2026-02-18 11:05:19.348+0000 INFO  id: 9F87E89A496C640F4BCF6814CC29A2C4896FB0FE292BAC74F89E9EE0B858FC67
2026-02-18 11:05:19.351+0000 INFO  name: system
2026-02-18 11:05:19.355+0000 INFO  creationDate: 2025-05-06T08:56:11.852Z
2026-02-18 11:05:19.358+0000 INFO  Started.
2026-02-18 12:45:19.902+0000 INFO  Neo4j Server shutdown initiated by request
2026-02-18 12:45:20.008+0000 INFO  Stopping...
2026-02-18 12:45:52.083+0000 INFO  Logging config in use: File '/var/lib/neo4j/conf/user-logs.xml'
2026-02-18 12:45:52.127+0000 INFO  Starting...
2026-02-18 12:45:55.282+0000 INFO  This instance is ServerId{ec443550} (ec443550-4a68-4cc6-b235-189e9ae8abde)
2026-02-18 12:45:58.415+0000 INFO  ======== Neo4j 5.26.19 ========
2026-02-18 12:46:05.704+0000 INFO  Anonymous Usage Data is being sent to Neo4j, see https://neo4j.com/docs/usage-data/
2026-02-18 12:46:05.844+0000 INFO  Bolt enabled on 0.0.0.0:7687.
2026-02-18 12:46:07.760+0000 INFO  HTTP enabled on 0.0.0.0:7474.
2026-02-18 12:46:07.763+0000 INFO  Remote interface available at http://localhost:7474/
2026-02-18 12:46:07.770+0000 INFO  id: 9F87E89A496C640F4BCF6814CC29A2C4896FB0FE292BAC74F89E9EE0B858FC67
2026-02-18 12:46:07.774+0000 INFO  name: system
2026-02-18 12:46:07.776+0000 INFO  creationDate: 2025-05-06T08:56:11.852Z
2026-02-18 12:46:07.779+0000 INFO  Started.
2026-02-18 13:00:08.533+0000 INFO  Neo4j Server shutdown initiated by request
2026-02-18 13:00:08.541+0000 INFO  Stopping...
2026-02-18 13:03:05.363+0000 INFO  Logging config in use: File '/var/lib/neo4j/conf/user-logs.xml'
2026-02-18 13:03:05.408+0000 INFO  Starting...
2026-02-18 13:03:08.301+0000 INFO  This instance is ServerId{ec443550} (ec443550-4a68-4cc6-b235-189e9ae8abde)
2026-02-18 13:03:11.075+0000 INFO  ======== Neo4j 5.26.19 ========
2026-02-18 13:03:19.562+0000 INFO  Anonymous Usage Data is being sent to Neo4j, see https://neo4j.com/docs/usage-data/
2026-02-18 13:03:19.746+0000 INFO  Bolt enabled on 0.0.0.0:7687.
2026-02-18 13:03:21.613+0000 INFO  HTTP enabled on 0.0.0.0:7474.
2026-02-18 13:03:21.615+0000 INFO  Remote interface available at http://localhost:7474/
2026-02-18 13:03:21.626+0000 INFO  id: 9F87E89A496C640F4BCF6814CC29A2C4896FB0FE292BAC74F89E9EE0B858FC67
2026-02-18 13:03:21.628+0000 INFO  name: system
2026-02-18 13:03:21.630+0000 INFO  creationDate: 2025-05-06T08:56:11.852Z
2026-02-18 13:03:21.633+0000 INFO  Started.
2026-02-18 14:42:40.645+0000 INFO  Logging config in use: File '/var/lib/neo4j/conf/user-logs.xml'
2026-02-18 14:42:40.731+0000 INFO  Starting...
2026-02-18 14:42:44.605+0000 INFO  This instance is ServerId{ec443550} (ec443550-4a68-4cc6-b235-189e9ae8abde)
2026-02-18 14:43:13.588+0000 INFO  ======== Neo4j 5.26.19 ========
2026-02-18 14:43:41.501+0000 INFO  Anonymous Usage Data is being sent to Neo4j, see https://neo4j.com/docs/usage-data/
2026-02-18 14:43:41.717+0000 INFO  Bolt enabled on 0.0.0.0:7687.
2026-02-18 14:43:45.941+0000 INFO  HTTP enabled on 0.0.0.0:7474.
2026-02-18 14:43:45.946+0000 INFO  Remote interface available at http://localhost:7474/
2026-02-18 14:43:45.959+0000 INFO  id: 9F87E89A496C640F4BCF6814CC29A2C4896FB0FE292BAC74F89E9EE0B858FC67
2026-02-18 14:43:45.965+0000 INFO  name: system
2026-02-18 14:43:45.968+0000 INFO  creationDate: 2025-05-06T08:56:11.852Z
2026-02-18 14:43:45.971+0000 INFO  Started.
2026-02-18 14:45:47.648+0000 INFO  Logging config in use: File '/var/lib/neo4j/conf/user-logs.xml'
2026-02-18 14:45:47.768+0000 INFO  Starting...
2026-02-18 14:45:49.508+0000 INFO  This instance is ServerId{ec443550} (ec443550-4a68-4cc6-b235-189e9ae8abde)
2026-02-18 14:45:52.314+0000 INFO  ======== Neo4j 5.26.19 ========
2026-02-18 14:46:04.585+0000 INFO  Anonymous Usage Data is being sent to Neo4j, see https://neo4j.com/docs/usage-data/
2026-02-18 14:46:04.822+0000 INFO  Bolt enabled on 0.0.0.0:7687.
2026-02-18 14:46:07.337+0000 INFO  HTTP enabled on 0.0.0.0:7474.
2026-02-18 14:46:07.340+0000 INFO  Remote interface available at http://localhost:7474/
2026-02-18 14:46:07.351+0000 INFO  id: 9F87E89A496C640F4BCF6814CC29A2C4896FB0FE292BAC74F89E9EE0B858FC67
2026-02-18 14:46:07.354+0000 INFO  name: system
2026-02-18 14:46:07.357+0000 INFO  creationDate: 2025-05-06T08:56:11.852Z
2026-02-18 14:46:07.359+0000 INFO  Started.
2026-02-18 14:53:26.761+0000 INFO  Neo4j Server shutdown initiated by request
2026-02-18 14:53:26.764+0000 INFO  Stopping...
2026-02-18 14:53:50.761+0000 INFO  Logging config in use: File '/var/lib/neo4j/conf/user-logs.xml'
2026-02-18 14:53:50.861+0000 INFO  Starting...
2026-02-18 14:53:52.668+0000 INFO  This instance is ServerId{ec443550} (ec443550-4a68-4cc6-b235-189e9ae8abde)
2026-02-18 14:53:55.805+0000 INFO  ======== Neo4j 5.26.19 ========
2026-02-18 14:54:02.309+0000 INFO  Anonymous Usage Data is being sent to Neo4j, see https://neo4j.com/docs/usage-data/
2026-02-18 14:54:02.433+0000 INFO  Bolt enabled on 0.0.0.0:7687.
2026-02-18 14:54:04.444+0000 INFO  HTTP enabled on 0.0.0.0:7474.
2026-02-18 14:54:04.447+0000 INFO  Remote interface available at http://localhost:7474/
2026-02-18 14:54:04.460+0000 INFO  id: 9F87E89A496C640F4BCF6814CC29A2C4896FB0FE292BAC74F89E9EE0B858FC67
2026-02-18 14:54:04.463+0000 INFO  name: system
2026-02-18 14:54:04.466+0000 INFO  creationDate: 2025-05-06T08:56:11.852Z
2026-02-18 14:54:04.473+0000 INFO  Started.
2026-02-18 15:14:07.408+0000 INFO  Neo4j Server shutdown initiated by request
2026-02-18 15:14:07.411+0000 INFO  Stopping...
2026-02-18 15:14:31.100+0000 INFO  Logging config in use: File '/var/lib/neo4j/conf/user-logs.xml'
2026-02-18 15:14:31.153+0000 INFO  Starting...
2026-02-18 15:14:32.854+0000 INFO  This instance is ServerId{ec443550} (ec443550-4a68-4cc6-b235-189e9ae8abde)
2026-02-18 15:14:34.949+0000 INFO  ======== Neo4j 5.26.19 ========
2026-02-18 15:14:40.148+0000 INFO  Anonymous Usage Data is being sent to Neo4j, see https://neo4j.com/docs/usage-data/
2026-02-18 15:14:40.241+0000 INFO  Bolt enabled on 0.0.0.0:7687.
2026-02-18 15:14:41.837+0000 INFO  HTTP enabled on 0.0.0.0:7474.
2026-02-18 15:14:41.840+0000 INFO  Remote interface available at http://localhost:7474/
2026-02-18 15:14:41.854+0000 INFO  id: 9F87E89A496C640F4BCF6814CC29A2C4896FB0FE292BAC74F89E9EE0B858FC67
2026-02-18 15:14:41.857+0000 INFO  name: system
2026-02-18 15:14:41.859+0000 INFO  creationDate: 2025-05-06T08:56:11.852Z
2026-02-18 15:14:41.866+0000 INFO  Started.
2026-02-18 15:20:32.996+0000 INFO  Neo4j Server shutdown initiated by request
2026-02-18 15:20:32.998+0000 INFO  Stopping...
2026-02-18 15:20:51.125+0000 INFO  Logging config in use: File '/var/lib/neo4j/conf/user-logs.xml'
2026-02-18 15:20:51.155+0000 INFO  Starting...
2026-02-18 15:20:52.948+0000 INFO  This instance is ServerId{ec443550} (ec443550-4a68-4cc6-b235-189e9ae8abde)
2026-02-18 15:20:54.954+0000 INFO  ======== Neo4j 5.26.19 ========
2026-02-18 15:21:00.379+0000 INFO  Anonymous Usage Data is being sent to Neo4j, see https://neo4j.com/docs/usage-data/
2026-02-18 15:21:00.500+0000 INFO  Bolt enabled on 0.0.0.0:7687.
2026-02-18 15:21:02.520+0000 INFO  HTTP enabled on 0.0.0.0:7474.
2026-02-18 15:21:02.529+0000 INFO  Remote interface available at http://localhost:7474/
2026-02-18 15:21:02.552+0000 INFO  id: 9F87E89A496C640F4BCF6814CC29A2C4896FB0FE292BAC74F89E9EE0B858FC67
2026-02-18 15:21:02.556+0000 INFO  name: system
2026-02-18 15:21:02.569+0000 INFO  creationDate: 2025-05-06T08:56:11.852Z
2026-02-18 15:21:02.577+0000 INFO  Started.
2026-02-18 15:30:26.607+0000 INFO  Neo4j Server shutdown initiated by request
2026-02-18 15:30:26.609+0000 INFO  Stopping...
2026-02-18 15:30:46.230+0000 INFO  Logging config in use: File '/var/lib/neo4j/conf/user-logs.xml'
2026-02-18 15:30:46.287+0000 INFO  Starting...
2026-02-18 15:30:48.493+0000 INFO  This instance is ServerId{ec443550} (ec443550-4a68-4cc6-b235-189e9ae8abde)
2026-02-18 15:30:51.142+0000 INFO  ======== Neo4j 5.26.19 ========
2026-02-18 15:30:59.275+0000 INFO  Anonymous Usage Data is being sent to Neo4j, see https://neo4j.com/docs/usage-data/
2026-02-18 15:30:59.471+0000 INFO  Bolt enabled on 0.0.0.0:7687.
2026-02-18 15:31:01.852+0000 INFO  HTTP enabled on 0.0.0.0:7474.
2026-02-18 15:31:01.856+0000 INFO  Remote interface available at http://localhost:7474/
2026-02-18 15:31:01.868+0000 INFO  id: 9F87E89A496C640F4BCF6814CC29A2C4896FB0FE292BAC74F89E9EE0B858FC67
2026-02-18 15:31:01.872+0000 INFO  name: system
2026-02-18 15:31:01.875+0000 INFO  creationDate: 2025-05-06T08:56:11.852Z
2026-02-18 15:31:01.879+0000 INFO  Started.
2026-02-18 15:34:46.582+0000 INFO  Neo4j Server shutdown initiated by request
2026-02-18 15:34:46.585+0000 INFO  Stopping...
2026-02-18 15:35:03.641+0000 INFO  Logging config in use: File '/var/lib/neo4j/conf/user-logs.xml'
2026-02-18 15:35:03.671+0000 INFO  Starting...
2026-02-18 15:35:05.391+0000 INFO  This instance is ServerId{ec443550} (ec443550-4a68-4cc6-b235-189e9ae8abde)
2026-02-18 15:35:07.891+0000 INFO  ======== Neo4j 5.26.19 ========
2026-02-18 15:35:14.611+0000 INFO  Anonymous Usage Data is being sent to Neo4j, see https://neo4j.com/docs/usage-data/
2026-02-18 15:35:14.839+0000 INFO  Bolt enabled on 0.0.0.0:7687.
2026-02-18 15:35:16.653+0000 INFO  HTTP enabled on 0.0.0.0:7474.
2026-02-18 15:35:16.656+0000 INFO  Remote interface available at http://localhost:7474/
2026-02-18 15:35:16.666+0000 INFO  id: 9F87E89A496C640F4BCF6814CC29A2C4896FB0FE292BAC74F89E9EE0B858FC67
2026-02-18 15:35:16.668+0000 INFO  name: system
2026-02-18 15:35:16.673+0000 INFO  creationDate: 2025-05-06T08:56:11.852Z
2026-02-18 15:35:16.676+0000 INFO  Started.
2026-02-18 15:43:04.425+0000 INFO  Neo4j Server shutdown initiated by request
2026-02-18 15:43:04.428+0000 INFO  Stopping...
2026-02-18 15:43:28.438+0000 INFO  Logging config in use: File '/var/lib/neo4j/conf/user-logs.xml'
2026-02-18 15:43:28.493+0000 INFO  Starting...
2026-02-18 15:43:30.581+0000 INFO  This instance is ServerId{ec443550} (ec443550-4a68-4cc6-b235-189e9ae8abde)
2026-02-18 15:43:34.294+0000 INFO  ======== Neo4j 5.26.19 ========
2026-02-18 15:43:41.292+0000 INFO  Anonymous Usage Data is being sent to Neo4j, see https://neo4j.com/docs/usage-data/
2026-02-18 15:43:41.418+0000 INFO  Bolt enabled on 0.0.0.0:7687.
2026-02-18 15:43:43.440+0000 INFO  HTTP enabled on 0.0.0.0:7474.
2026-02-18 15:43:43.444+0000 INFO  Remote interface available at http://localhost:7474/
2026-02-18 15:43:43.458+0000 INFO  id: 9F87E89A496C640F4BCF6814CC29A2C4896FB0FE292BAC74F89E9EE0B858FC67
2026-02-18 15:43:43.461+0000 INFO  name: system
2026-02-18 15:43:43.468+0000 INFO  creationDate: 2025-05-06T08:56:11.852Z
2026-02-18 15:43:43.472+0000 INFO  Started.
2026-02-18 15:57:04.818+0000 INFO  Logging config in use: File '/var/lib/neo4j/conf/user-logs.xml'
2026-02-18 15:57:04.846+0000 INFO  Starting...
2026-02-18 15:57:06.218+0000 INFO  This instance is ServerId{ec443550} (ec443550-4a68-4cc6-b235-189e9ae8abde)
2026-02-18 15:57:08.242+0000 INFO  ======== Neo4j 5.26.19 ========
2026-02-18 15:57:14.044+0000 INFO  Anonymous Usage Data is being sent to Neo4j, see https://neo4j.com/docs/usage-data/
2026-02-18 15:57:14.192+0000 INFO  Bolt enabled on 0.0.0.0:7687.
2026-02-18 15:57:16.109+0000 INFO  HTTP enabled on 0.0.0.0:7474.
2026-02-18 15:57:16.114+0000 INFO  Remote interface available at http://localhost:7474/
2026-02-18 15:57:16.127+0000 INFO  id: 9F87E89A496C640F4BCF6814CC29A2C4896FB0FE292BAC74F89E9EE0B858FC67
2026-02-18 15:57:16.132+0000 INFO  name: system
2026-02-18 15:57:16.134+0000 INFO  creationDate: 2025-05-06T08:56:11.852Z
2026-02-18 15:57:16.137+0000 INFO  Started.
